{
  "organizations": [
    {
      "healthSystem": "NYU Langone Health",
      "facilities": [
        {
          "name": "NYU Langone - Howard Beach",
          "address": "02 Cross Bay Boulevard, 2nd Floor",
          "city": "Howard Beach",
          "state": "NY",
          "zipCode": "11414",
          "facilityType": "Ambulatory Care"
        },
        {
          "name": "NYU Langone - Kew Gardens",
          "address": "02 Kew Gardens Road, Suite 703",
          "city": "Kew Gardens",
          "state": "NY",
          "zipCode": "11415",
          "facilityType": "Ambulatory Care"
        },
        {
          "name": "NYU Langone - Astoria",
          "address": "02 Steinway Street",
          "city": "Astoria",
          "state": "NY",
          "zipCode": "11105",
          "facilityType": "Ambulatory Care"
        },
        {
          "name": "NYU Langone - Astoria",
          "address": "07 30th Avenue",
          "city": "Astoria",
          "state": "NY",
          "zipCode": "11103",
          "facilityType": "Ambulatory Care"
        },
        {
          "name": "NYU Langone - Hempstead",
          "address": "1 Fulton Avenue",
          "city": "Hempstead",
          "state": "NY",
          "zipCode": "11550",
          "facilityType": "Ambulatory Care"
        },
        {
          "name": "NYU Langone - Patchogue",
          "address": "100 Hospital Road, Suite 106",
          "city": "Patchogue",
          "state": "NY",
          "zipCode": "11772",
          "facilityType": "Ambulatory Care"
        },
        {
          "name": "NYU Langone - Garden City",
          "address": "1000 Franklin Avenue, Suite 100",
          "city": "Garden City",
          "state": "NY",
          "zipCode": "11530",
          "facilityType": "Ambulatory Care"
        },
        {
          "name": "NYU Langone - Patchogue",
          "address": "101 Hospital Road",
          "city": "Patchogue",
          "state": "NY",
          "zipCode": "11772",
          "facilityType": "Ambulatory Care"
        },
        {
          "name": "NYU Langone - Woodbury",
          "address": "105 Froehlich Farm Boulevard",
          "city": "Woodbury",
          "state": "NY",
          "zipCode": "11797",
          "facilityType": "Ambulatory Care"
        },
        {
          "name": "NYU Langone - Patchogue",
          "address": "105 West Main Street",
          "city": "Patchogue",
          "state": "NY",
          "zipCode": "11772",
          "facilityType": "Ambulatory Care"
        },
        {
          "name": "NYU Langone - New York",
          "address": "109 West 27th Street, 9th Floor",
          "city": "New York",
          "state": "NY",
          "zipCode": "10001",
          "facilityType": "Ambulatory Care"
        },
        {
          "name": "NYU Langone - Patchogue",
          "address": "109 West Main Street",
          "city": "Patchogue",
          "state": "NY",
          "zipCode": "11772",
          "facilityType": "Ambulatory Care"
        },
        {
          "name": "NYU Langone - Atlantis",
          "address": "110 JFK Drive, Suite 110",
          "city": "Atlantis",
          "state": "FL",
          "zipCode": "33462",
          "facilityType": "Ambulatory Care"
        },
        {
          "name": "NYU Langone - New York",
          "address": "111 Broadway, 2nd Floor",
          "city": "New York",
          "state": "NY",
          "zipCode": "10006",
          "facilityType": "Ambulatory Care"
        },
        {
          "name": "NYU Langone - New York",
          "address": "111 Broadway",
          "city": "New York",
          "state": "NY",
          "zipCode": "10006",
          "facilityType": "Ambulatory Care"
        },
        {
          "name": "NYU Langone - Garden City",
          "address": "1111 Franklin Avenue",
          "city": "Garden City",
          "state": "NY",
          "zipCode": "11530",
          "facilityType": "Ambulatory Care"
        },
        {
          "name": "NYU Langone - Manhasset",
          "address": "1155 Northern Boulevard, Suite 330",
          "city": "Manhasset",
          "state": "NY",
          "zipCode": "11030",
          "facilityType": "Ambulatory Care"
        },
        {
          "name": "NYU Langone - Mattituck",
          "address": "11700 Main Road",
          "city": "Mattituck",
          "state": "NY",
          "zipCode": "11952",
          "facilityType": "Ambulatory Care"
        },
        {
          "name": "NYU Langone - Mineola",
          "address": "120 Mineola Boulevard, Basement Floor",
          "city": "Mineola",
          "state": "NY",
          "zipCode": "11501",
          "facilityType": "Ambulatory Care"
        },
        {
          "name": "NYU Langone - Mineola",
          "address": "120 Mineola Boulevard",
          "city": "Mineola",
          "state": "NY",
          "zipCode": "11501",
          "facilityType": "Ambulatory Care"
        },
        {
          "name": "NYU Langone - Brooklyn",
          "address": "1220 Avenue P",
          "city": "Brooklyn",
          "state": "NY",
          "zipCode": "11229",
          "facilityType": "Ambulatory Care"
        },
        {
          "name": "NYU Langone - Riverhead",
          "address": "1279 East Main Street",
          "city": "Riverhead",
          "state": "NY",
          "zipCode": "11901",
          "facilityType": "Ambulatory Care"
        },
        {
          "name": "NYU Langone - Brooklyn",
          "address": "1300 Avenue P",
          "city": "Brooklyn",
          "state": "NY",
          "zipCode": "11229",
          "facilityType": "Ambulatory Care"
        },
        {
          "name": "NYU Langone - Garden City",
          "address": "1300 Franklin Avenue, Suite LL2",
          "city": "Garden City",
          "state": "NY",
          "zipCode": "11530",
          "facilityType": "Ambulatory Care"
        },
        {
          "name": "NYU Langone - Westhampton",
          "address": "131 Sunset Avenue",
          "city": "Westhampton",
          "state": "NY",
          "zipCode": "11978",
          "facilityType": "Ambulatory Care"
        },
        {
          "name": "NYU Langone - Bronxville",
          "address": "132 Parkway Road",
          "city": "Bronxville",
          "state": "NY",
          "zipCode": "10708",
          "facilityType": "Ambulatory Care"
        },
        {
          "name": "NYU Langone - New York",
          "address": "135 East 31st Street, Second Floor",
          "city": "New York",
          "state": "NY",
          "zipCode": "10016",
          "facilityType": "Ambulatory Care"
        },
        {
          "name": "NYU Langone - Garden City",
          "address": "1401 Franklin Avenue",
          "city": "Garden City",
          "state": "NY",
          "zipCode": "11530",
          "facilityType": "Ambulatory Care"
        },
        {
          "name": "NYU Langone - Garden City",
          "address": "1415 Kellum Place, Suite 120",
          "city": "Garden City",
          "state": "NY",
          "zipCode": "11530",
          "facilityType": "Ambulatory Care"
        },
        {
          "name": "NYU Langone - New York",
          "address": "145 East 32nd Street, 2nd Floor",
          "city": "New York",
          "state": "NY",
          "zipCode": "10016",
          "facilityType": "Ambulatory Care"
        },
        {
          "name": "NYU Langone - New York",
          "address": "145 East 32nd Street",
          "city": "New York",
          "state": "NY",
          "zipCode": "10016",
          "facilityType": "Ambulatory Care"
        },
        {
          "name": "NYU Langone - New York",
          "address": "1465 Third Avenue",
          "city": "New York",
          "state": "NY",
          "zipCode": "10028",
          "facilityType": "Ambulatory Care"
        },
        {
          "name": "NYU Langone - New York",
          "address": "147 West 25th Street, 10th Floor",
          "city": "New York",
          "state": "NY",
          "zipCode": "10001",
          "facilityType": "Ambulatory Care"
        },
        {
          "name": "NYU Langone - Jamaica Estates",
          "address": "15 164th Street",
          "city": "Jamaica Estates",
          "state": "NY",
          "zipCode": "11432",
          "facilityType": "Ambulatory Care"
        },
        {
          "name": "NYU Langone - Forest Hills",
          "address": "15 Austin Street",
          "city": "Forest Hills",
          "state": "NY",
          "zipCode": "11375",
          "facilityType": "Ambulatory Care"
        },
        {
          "name": "NYU Langone - Brooklyn",
          "address": "150 55th Street",
          "city": "Brooklyn",
          "state": "NY",
          "zipCode": "11220",
          "facilityType": "Ambulatory Care"
        },
        {
          "name": "NYU Langone - New York",
          "address": "150 Amsterdam Avenue",
          "city": "New York",
          "state": "NY",
          "zipCode": "10023",
          "facilityType": "Ambulatory Care"
        },
        {
          "name": "NYU Langone - New York",
          "address": "150 East 32nd Street, 2nd Floor",
          "city": "New York",
          "state": "NY",
          "zipCode": "10016",
          "facilityType": "Ambulatory Care"
        },
        {
          "name": "NYU Langone - New York",
          "address": "150 East 32nd Street",
          "city": "New York",
          "state": "NY",
          "zipCode": "10016",
          "facilityType": "Ambulatory Care"
        },
        {
          "name": "NYU Langone - West Palm Beach",
          "address": "1515 North Flagler Drive, Suite 820",
          "city": "West Palm Beach",
          "state": "FL",
          "zipCode": "33401",
          "facilityType": "Ambulatory Care"
        },
        {
          "name": "NYU Langone - Brooklyn",
          "address": "153 Bay 26th Street",
          "city": "Brooklyn",
          "state": "NY",
          "zipCode": "11214",
          "facilityType": "Ambulatory Care"
        },
        {
          "name": "NYU Langone - East Meadow",
          "address": "1530 Front Street",
          "city": "East Meadow",
          "state": "NY",
          "zipCode": "11554",
          "facilityType": "Ambulatory Care"
        },
        {
          "name": "NYU Langone - New York",
          "address": "155 East 32nd Street, Suite 103",
          "city": "New York",
          "state": "NY",
          "zipCode": "10016",
          "facilityType": "Ambulatory Care"
        },
        {
          "name": "NYU Langone - New York",
          "address": "1559 York Avenue",
          "city": "New York",
          "state": "NY",
          "zipCode": "10028",
          "facilityType": "Ambulatory Care"
        },
        {
          "name": "NYU Langone - East Patchogue",
          "address": "157 East Woodside Avenue",
          "city": "East Patchogue",
          "state": "NY",
          "zipCode": "11772",
          "facilityType": "Ambulatory Care"
        },
        {
          "name": "NYU Langone - New York",
          "address": "159 East 53rd Street, 6th Floor",
          "city": "New York",
          "state": "NY",
          "zipCode": "10022",
          "facilityType": "Ambulatory Care"
        },
        {
          "name": "NYU Langone - New York",
          "address": "159 East 53rd Street, Fourth Floor",
          "city": "New York",
          "state": "NY",
          "zipCode": "10022",
          "facilityType": "Ambulatory Care"
        },
        {
          "name": "NYU Langone - New York",
          "address": "159 East 53rd Street",
          "city": "New York",
          "state": "NY",
          "zipCode": "10022",
          "facilityType": "Ambulatory Care"
        },
        {
          "name": "NYU Langone - Bellport",
          "address": "16 Station Road, Suite 5–6",
          "city": "Bellport",
          "state": "NY",
          "zipCode": "11713",
          "facilityType": "Ambulatory Care"
        },
        {
          "name": "NYU Langone - New York",
          "address": "160 East 32nd Street, 2nd Floor",
          "city": "New York",
          "state": "NY",
          "zipCode": "10016",
          "facilityType": "Ambulatory Care"
        },
        {
          "name": "NYU Langone - New York",
          "address": "160 East 34th Street, 2nd and 3rd Floors",
          "city": "New York",
          "state": "NY",
          "zipCode": "10016",
          "facilityType": "Ambulatory Care"
        },
        {
          "name": "NYU Langone - New York",
          "address": "160 East 34th Street",
          "city": "New York",
          "state": "NY",
          "zipCode": "10016",
          "facilityType": "Ambulatory Care"
        },
        {
          "name": "NYU Langone - New York",
          "address": "160 West 26th Street, 2nd and 3rd Floors",
          "city": "New York",
          "state": "NY",
          "zipCode": "10001",
          "facilityType": "Ambulatory Care"
        },
        {
          "name": "NYU Langone - Brooklyn",
          "address": "1630 East 14th Street",
          "city": "Brooklyn",
          "state": "NY",
          "zipCode": "11229",
          "facilityType": "Ambulatory Care"
        },
        {
          "name": "NYU Langone - Brooklyn",
          "address": "168 Van Brunt Street",
          "city": "Brooklyn",
          "state": "NY",
          "zipCode": "11231",
          "facilityType": "Ambulatory Care"
        },
        {
          "name": "NYU Langone - Woodbury",
          "address": "173 Froehlich Farm Boulevard",
          "city": "Woodbury",
          "state": "NY",
          "zipCode": "11797",
          "facilityType": "Ambulatory Care"
        },
        {
          "name": "NYU Langone - Astoria",
          "address": "18 31st Street",
          "city": "Astoria",
          "state": "NY",
          "zipCode": "11105",
          "facilityType": "Ambulatory Care"
        },
        {
          "name": "NYU Langone - East Setauket",
          "address": "184 North Belle Mead Road",
          "city": "East Setauket",
          "state": "NY",
          "zipCode": "11733",
          "facilityType": "Ambulatory Care"
        },
        {
          "name": "NYU Langone - Bethpage",
          "address": "185 Central Avenue",
          "city": "Bethpage",
          "state": "NY",
          "zipCode": "11714",
          "facilityType": "Ambulatory Care"
        },
        {
          "name": "NYU Langone - Brooklyn",
          "address": "186 Joralemon Street",
          "city": "Brooklyn",
          "state": "NY",
          "zipCode": "11201",
          "facilityType": "Ambulatory Care"
        },
        {
          "name": "NYU Langone - New Hyde Park",
          "address": "1991 Marcus Avenue, Suite 104",
          "city": "New Hyde Park",
          "state": "NY",
          "zipCode": "11042",
          "facilityType": "Ambulatory Care"
        },
        {
          "name": "NYU Langone - New Hyde Park",
          "address": "1999 Marcus Avenue",
          "city": "New Hyde Park",
          "state": "NY",
          "zipCode": "11042",
          "facilityType": "Ambulatory Care"
        },
        {
          "name": "NYU Langone - Mineola",
          "address": "200 Old Country Road, Suite 370",
          "city": "Mineola",
          "state": "NY",
          "zipCode": "11501",
          "facilityType": "Ambulatory Care"
        },
        {
          "name": "NYU Langone - Tarrytown",
          "address": "200 White Plains Road, 4th Floor",
          "city": "Tarrytown",
          "state": "NY",
          "zipCode": "10591",
          "facilityType": "Ambulatory Care"
        },
        {
          "name": "NYU Langone - Mineola",
          "address": "211 Station Road",
          "city": "Mineola",
          "state": "NY",
          "zipCode": "11501",
          "facilityType": "Ambulatory Care"
        },
        {
          "name": "NYU Langone - Brooklyn",
          "address": "219 54th Street",
          "city": "Brooklyn",
          "state": "NY",
          "zipCode": "11220",
          "facilityType": "Ambulatory Care"
        },
        {
          "name": "NYU Langone - Astoria",
          "address": "22-02 Steinway Street",
          "city": "Astoria",
          "state": "NY",
          "zipCode": "11105",
          "facilityType": "Ambulatory Care"
        },
        {
          "name": "NYU Langone - Brooklyn",
          "address": "220 13th Street",
          "city": "Brooklyn",
          "state": "NY",
          "zipCode": "11215",
          "facilityType": "Ambulatory Care"
        },
        {
          "name": "NYU Langone - New York",
          "address": "221 Lexington Avenue",
          "city": "New York",
          "state": "NY",
          "zipCode": "10016",
          "facilityType": "Ambulatory Care"
        },
        {
          "name": "NYU Langone - New York",
          "address": "222 East 41st Street, 11th and 12th Floors",
          "city": "New York",
          "state": "NY",
          "zipCode": "10017",
          "facilityType": "Ambulatory Care"
        },
        {
          "name": "NYU Langone - New York",
          "address": "222 East 41st Street, 12th Floor",
          "city": "New York",
          "state": "NY",
          "zipCode": "10017",
          "facilityType": "Ambulatory Care"
        },
        {
          "name": "NYU Langone - New York",
          "address": "222 East 41st Street, 16th Floor",
          "city": "New York",
          "state": "NY",
          "zipCode": "10017",
          "facilityType": "Ambulatory Care"
        },
        {
          "name": "NYU Langone - New York",
          "address": "222 East 41st Street, 18th and 19th Floors",
          "city": "New York",
          "state": "NY",
          "zipCode": "10017",
          "facilityType": "Ambulatory Care"
        },
        {
          "name": "NYU Langone - New York",
          "address": "222 East 41st Street, 20th Floor",
          "city": "New York",
          "state": "NY",
          "zipCode": "10017",
          "facilityType": "Ambulatory Care"
        },
        {
          "name": "NYU Langone - New York",
          "address": "222 East 41st Street, 21st Floor",
          "city": "New York",
          "state": "NY",
          "zipCode": "10017",
          "facilityType": "Ambulatory Care"
        },
        {
          "name": "NYU Langone - New York",
          "address": "222 East 41st Street, 25th Floor",
          "city": "New York",
          "state": "NY",
          "zipCode": "10017",
          "facilityType": "Ambulatory Care"
        },
        {
          "name": "NYU Langone - New York",
          "address": "222 East 41st Street, 5th Floor",
          "city": "New York",
          "state": "NY",
          "zipCode": "10017",
          "facilityType": "Ambulatory Care"
        },
        {
          "name": "NYU Langone - New York",
          "address": "222 East 41st Street, 8th Floor",
          "city": "New York",
          "state": "NY",
          "zipCode": "10017",
          "facilityType": "Ambulatory Care"
        },
        {
          "name": "NYU Langone - New York",
          "address": "222 East 41st Street, 9th Floor",
          "city": "New York",
          "state": "NY",
          "zipCode": "10017",
          "facilityType": "Ambulatory Care"
        },
        {
          "name": "NYU Langone - New York",
          "address": "222 East 41st Street, Floors 17 and 23",
          "city": "New York",
          "state": "NY",
          "zipCode": "10017",
          "facilityType": "Ambulatory Care"
        },
        {
          "name": "NYU Langone - New York",
          "address": "223 East 34th Street",
          "city": "New York",
          "state": "NY",
          "zipCode": "10016",
          "facilityType": "Ambulatory Care"
        },
        {
          "name": "NYU Langone - Astoria",
          "address": "23-18 31st Street",
          "city": "Astoria",
          "state": "NY",
          "zipCode": "11105",
          "facilityType": "Ambulatory Care"
        },
        {
          "name": "NYU Langone - Brooklyn",
          "address": "230 60th Street",
          "city": "Brooklyn",
          "state": "NY",
          "zipCode": "11220",
          "facilityType": "Ambulatory Care"
        },
        {
          "name": "NYU Langone - Brooklyn",
          "address": "2350 Ocean Avenue, Suite 1",
          "city": "Brooklyn",
          "state": "NY",
          "zipCode": "11229",
          "facilityType": "Ambulatory Care"
        },
        {
          "name": "NYU Langone - New York",
          "address": "240 East 18th Street",
          "city": "New York",
          "state": "NY",
          "zipCode": "10003",
          "facilityType": "Ambulatory Care"
        },
        {
          "name": "NYU Langone - New York",
          "address": "240 East 38th Street, 11th Floor",
          "city": "New York",
          "state": "NY",
          "zipCode": "10016",
          "facilityType": "Ambulatory Care"
        },
        {
          "name": "NYU Langone - New York",
          "address": "240 East 38th Street, 12th Floor",
          "city": "New York",
          "state": "NY",
          "zipCode": "10016",
          "facilityType": "Ambulatory Care"
        },
        {
          "name": "NYU Langone - New York",
          "address": "240 East 38th Street, 13th Floor",
          "city": "New York",
          "state": "NY",
          "zipCode": "10016",
          "facilityType": "Ambulatory Care"
        },
        {
          "name": "NYU Langone - New York",
          "address": "240 East 38th Street, 14th Floor",
          "city": "New York",
          "state": "NY",
          "zipCode": "10016",
          "facilityType": "Ambulatory Care"
        },
        {
          "name": "NYU Langone - New York",
          "address": "240 East 38th Street, 23rd Floor",
          "city": "New York",
          "state": "NY",
          "zipCode": "10016",
          "facilityType": "Ambulatory Care"
        },
        {
          "name": "NYU Langone - New York",
          "address": "240 East 38th Street",
          "city": "New York",
          "state": "NY",
          "zipCode": "10016",
          "facilityType": "Ambulatory Care"
        },
        {
          "name": "NYU Langone - Rockville Centre",
          "address": "242 Merrick Road, Suite 402",
          "city": "Rockville Centre",
          "state": "NY",
          "zipCode": "11570",
          "facilityType": "Ambulatory Care"
        },
        {
          "name": "NYU Langone - Stony Brook",
          "address": "2500 Nesconset Highway, Building 20-A",
          "city": "Stony Brook",
          "state": "NY",
          "zipCode": "11790",
          "facilityType": "Ambulatory Care"
        },
        {
          "name": "NYU Langone - Mineola",
          "address": "259 First Street",
          "city": "Mineola",
          "state": "NY",
          "zipCode": "11501",
          "facilityType": "Ambulatory Care"
        },
        {
          "name": "NYU Langone - Mineola",
          "address": "264 Old Country Road",
          "city": "Mineola",
          "state": "NY",
          "zipCode": "11501",
          "facilityType": "Ambulatory Care"
        },
        {
          "name": "NYU Langone - Smithtown",
          "address": "267 East Main Street, B-3",
          "city": "Smithtown",
          "state": "NY",
          "zipCode": "11787",
          "facilityType": "Ambulatory Care"
        },
        {
          "name": "NYU Langone - East Patchogue",
          "address": "285 Sills Road, Building 14",
          "city": "East Patchogue",
          "state": "NY",
          "zipCode": "11772",
          "facilityType": "Ambulatory Care"
        },
        {
          "name": "NYU Langone - Brooklyn",
          "address": "2857 West 8th Street, 2nd Floor",
          "city": "Brooklyn",
          "state": "NY",
          "zipCode": "11224",
          "facilityType": "Ambulatory Care"
        },
        {
          "name": "NYU Langone - Brooklyn",
          "address": "2857 West 8th Street, Suite 200",
          "city": "Brooklyn",
          "state": "NY",
          "zipCode": "11224",
          "facilityType": "Ambulatory Care"
        },
        {
          "name": "NYU Langone - Great Neck",
          "address": "295 Community Drive",
          "city": "Great Neck",
          "state": "NY",
          "zipCode": "11042",
          "facilityType": "Ambulatory Care"
        },
        {
          "name": "NYU Langone - New York",
          "address": "301 East 17th Street, 3rd Floor",
          "city": "New York",
          "state": "NY",
          "zipCode": "10003",
          "facilityType": "Ambulatory Care"
        },
        {
          "name": "NYU Langone - New York",
          "address": "301 East 17th Street",
          "city": "New York",
          "state": "NY",
          "zipCode": "10003",
          "facilityType": "Ambulatory Care"
        },
        {
          "name": "NYU Langone - New York",
          "address": "305 East 33rd Street",
          "city": "New York",
          "state": "NY",
          "zipCode": "10016",
          "facilityType": "Ambulatory Care"
        },
        {
          "name": "NYU Langone - New York",
          "address": "305 East 47th Street, Suite 1A",
          "city": "New York",
          "state": "NY",
          "zipCode": "10017",
          "facilityType": "Ambulatory Care"
        },
        {
          "name": "NYU Langone - White Plains",
          "address": "311 North Street",
          "city": "White Plains",
          "state": "NY",
          "zipCode": "10605",
          "facilityType": "Ambulatory Care"
        },
        {
          "name": "NYU Langone - New York",
          "address": "317 East 34th Street, 8th Floor",
          "city": "New York",
          "state": "NY",
          "zipCode": "10016",
          "facilityType": "Ambulatory Care"
        },
        {
          "name": "NYU Langone - New York",
          "address": "317 East 34th Street, Suite 1002",
          "city": "New York",
          "state": "NY",
          "zipCode": "10016",
          "facilityType": "Ambulatory Care"
        },
        {
          "name": "NYU Langone - New York",
          "address": "318 East 23rd Street",
          "city": "New York",
          "state": "NY",
          "zipCode": "10010",
          "facilityType": "Ambulatory Care"
        },
        {
          "name": "NYU Langone - New York",
          "address": "324 East 23rd Street",
          "city": "New York",
          "state": "NY",
          "zipCode": "10010",
          "facilityType": "Ambulatory Care"
        },
        {
          "name": "NYU Langone - Patchogue",
          "address": "33 Medford Avenue, Suite D",
          "city": "Patchogue",
          "state": "NY",
          "zipCode": "11772",
          "facilityType": "Ambulatory Care"
        },
        {
          "name": "NYU Langone - Huntington Station",
          "address": "33 Walt Whitman Road, Suite 100B",
          "city": "Huntington Station",
          "state": "NY",
          "zipCode": "11746",
          "facilityType": "Ambulatory Care"
        },
        {
          "name": "NYU Langone - New York",
          "address": "333 East 38th Street, 6th Floor",
          "city": "New York",
          "state": "NY",
          "zipCode": "10016",
          "facilityType": "Ambulatory Care"
        },
        {
          "name": "NYU Langone - New York",
          "address": "333 East 38th Street",
          "city": "New York",
          "state": "NY",
          "zipCode": "10016",
          "facilityType": "Ambulatory Care"
        },
        {
          "name": "NYU Langone - New York",
          "address": "339 East 38th Street",
          "city": "New York",
          "state": "NY",
          "zipCode": "10016",
          "facilityType": "Ambulatory Care"
        },
        {
          "name": "NYU Langone - Brooklyn",
          "address": "3414 Church Avenue",
          "city": "Brooklyn",
          "state": "NY",
          "zipCode": "11203",
          "facilityType": "Ambulatory Care"
        },
        {
          "name": "NYU Langone - New York",
          "address": "355 West 52nd Street, 8th Floor",
          "city": "New York",
          "state": "NY",
          "zipCode": "10019",
          "facilityType": "Ambulatory Care"
        },
        {
          "name": "NYU Langone - New York",
          "address": "355 West 52nd Street",
          "city": "New York",
          "state": "NY",
          "zipCode": "10019",
          "facilityType": "Ambulatory Care"
        },
        {
          "name": "NYU Langone - Staten Island",
          "address": "360 Bard Avenue",
          "city": "Staten Island",
          "state": "NY",
          "zipCode": "10310",
          "facilityType": "Ambulatory Care"
        },
        {
          "name": "NYU Langone - Hackensack",
          "address": "360 Essex Street, Suite 402",
          "city": "Hackensack",
          "state": "NJ",
          "zipCode": "07601",
          "facilityType": "Ambulatory Care"
        },
        {
          "name": "NYU Langone - New York",
          "address": "360 West 31st Street, 3rd Floor",
          "city": "New York",
          "state": "NY",
          "zipCode": "10001",
          "facilityType": "Ambulatory Care"
        },
        {
          "name": "NYU Langone - New York",
          "address": "380 Second Avenue, 6th Floor",
          "city": "New York",
          "state": "NY",
          "zipCode": "10010",
          "facilityType": "Ambulatory Care"
        },
        {
          "name": "NYU Langone - Staten Island",
          "address": "3917 Richmond Avenue",
          "city": "Staten Island",
          "state": "NY",
          "zipCode": "10312",
          "facilityType": "Ambulatory Care"
        },
        {
          "name": "NYU Langone - Flushing",
          "address": "41-61 Kissena Boulevard",
          "city": "Flushing",
          "state": "NY",
          "zipCode": "11355",
          "facilityType": "Ambulatory Care"
        },
        {
          "name": "NYU Langone - Hackensack",
          "address": "411 Hackensack Avenue, 7th Floor",
          "city": "Hackensack",
          "state": "NJ",
          "zipCode": "07601",
          "facilityType": "Ambulatory Care"
        },
        {
          "name": "NYU Langone - Astoria",
          "address": "42-07 30th Avenue",
          "city": "Astoria",
          "state": "NY",
          "zipCode": "11103",
          "facilityType": "Ambulatory Care"
        },
        {
          "name": "NYU Langone - New York",
          "address": "424 East 34th Street, 7th floor",
          "city": "New York",
          "state": "NY",
          "zipCode": "10016",
          "facilityType": "Ambulatory Care"
        },
        {
          "name": "NYU Langone - New York",
          "address": "424 East 34th Street",
          "city": "New York",
          "state": "NY",
          "zipCode": "10016",
          "facilityType": "Ambulatory Care"
        },
        {
          "name": "NYU Langone - New York",
          "address": "430 East 34th Street",
          "city": "New York",
          "state": "NY",
          "zipCode": "10016",
          "facilityType": "Ambulatory Care"
        },
        {
          "name": "NYU Langone - Brooklyn",
          "address": "441 77th Street",
          "city": "Brooklyn",
          "state": "NY",
          "zipCode": "11209",
          "facilityType": "Ambulatory Care"
        },
        {
          "name": "NYU Langone - Oakdale",
          "address": "4568A Sunrise Highway",
          "city": "Oakdale",
          "state": "NY",
          "zipCode": "11769",
          "facilityType": "Ambulatory Care"
        },
        {
          "name": "NYU Langone - New York",
          "address": "461 First Avenue",
          "city": "New York",
          "state": "NY",
          "zipCode": "10015",
          "facilityType": "Ambulatory Care"
        },
        {
          "name": "NYU Langone - Brooklyn",
          "address": "4766A Bedford Avenue",
          "city": "Brooklyn",
          "state": "NY",
          "zipCode": "11235",
          "facilityType": "Ambulatory Care"
        },
        {
          "name": "NYU Langone - Staten Island",
          "address": "4849 Arthur Kill Road",
          "city": "Staten Island",
          "state": "NY",
          "zipCode": "10309",
          "facilityType": "Ambulatory Care"
        },
        {
          "name": "NYU Langone - Great Neck",
          "address": "488 Great Neck Road",
          "city": "Great Neck",
          "state": "NY",
          "zipCode": "11021",
          "facilityType": "Ambulatory Care"
        },
        {
          "name": "NYU Langone - Brooklyn",
          "address": "5008 Seventh Avenue",
          "city": "Brooklyn",
          "state": "NY",
          "zipCode": "11220",
          "facilityType": "Ambulatory Care"
        },
        {
          "name": "NYU Langone - Staten Island",
          "address": "5091 Amboy Road, 2nd Floor",
          "city": "Staten Island",
          "state": "NY",
          "zipCode": "10312",
          "facilityType": "Ambulatory Care"
        },
        {
          "name": "NYU Langone - Brooklyn",
          "address": "514 49th Street",
          "city": "Brooklyn",
          "state": "NY",
          "zipCode": "11220",
          "facilityType": "Ambulatory Care"
        },
        {
          "name": "NYU Langone - Bellport",
          "address": "515 Bellport Avenue",
          "city": "Bellport",
          "state": "NY",
          "zipCode": "11713",
          "facilityType": "Ambulatory Care"
        },
        {
          "name": "NYU Langone - New York",
          "address": "530 First Avenue, 4th Floor",
          "city": "New York",
          "state": "NY",
          "zipCode": "10016",
          "facilityType": "Ambulatory Care"
        },
        {
          "name": "NYU Langone - New York",
          "address": "530 First Avenue, 5th Floor",
          "city": "New York",
          "state": "NY",
          "zipCode": "10016",
          "facilityType": "Ambulatory Care"
        },
        {
          "name": "NYU Langone - New York",
          "address": "530 First Avenue, 6th Floor",
          "city": "New York",
          "state": "NY",
          "zipCode": "10016",
          "facilityType": "Ambulatory Care"
        },
        {
          "name": "NYU Langone - New York",
          "address": "530 First Avenue",
          "city": "New York",
          "state": "NY",
          "zipCode": "10016",
          "facilityType": "Ambulatory Care"
        },
        {
          "name": "NYU Langone - Bethpage",
          "address": "530 Hicksville Road",
          "city": "Bethpage",
          "state": "NY",
          "zipCode": "11714",
          "facilityType": "Ambulatory Care"
        },
        {
          "name": "NYU Langone - Carle Place",
          "address": "536 Mineola Avenue",
          "city": "Carle Place",
          "state": "NY",
          "zipCode": "11514",
          "facilityType": "Ambulatory Care"
        },
        {
          "name": "NYU Langone - New York",
          "address": "540 Hudson Street",
          "city": "New York",
          "state": "NY",
          "zipCode": "10014",
          "facilityType": "Ambulatory Care"
        },
        {
          "name": "NYU Langone - New York",
          "address": "55 East 55th Street, 2nd Floor",
          "city": "New York",
          "state": "NY",
          "zipCode": "10022",
          "facilityType": "Ambulatory Care"
        },
        {
          "name": "NYU Langone - New York",
          "address": "55 East 55th Street",
          "city": "New York",
          "state": "NY",
          "zipCode": "10022",
          "facilityType": "Ambulatory Care"
        },
        {
          "name": "NYU Langone - New York",
          "address": "550 First Avenue",
          "city": "New York",
          "state": "NY",
          "zipCode": "10016",
          "facilityType": "Ambulatory Care"
        },
        {
          "name": "NYU Langone - Shirley",
          "address": "550 Montauk Highway",
          "city": "Shirley",
          "state": "NY",
          "zipCode": "11967",
          "facilityType": "Ambulatory Care"
        },
        {
          "name": "NYU Langone - New York",
          "address": "555 LaGuardia Place",
          "city": "New York",
          "state": "NY",
          "zipCode": "10012",
          "facilityType": "Ambulatory Care"
        },
        {
          "name": "NYU Langone - New York",
          "address": "560 First Avenue, HCC 14th Floor",
          "city": "New York",
          "state": "NY",
          "zipCode": "10016",
          "facilityType": "Ambulatory Care"
        },
        {
          "name": "NYU Langone - New York",
          "address": "560 First Avenue",
          "city": "New York",
          "state": "NY",
          "zipCode": "10016",
          "facilityType": "Ambulatory Care"
        },
        {
          "name": "NYU Langone - Brooklyn",
          "address": "5610 Second Avenue",
          "city": "Brooklyn",
          "state": "NY",
          "zipCode": "11220",
          "facilityType": "Ambulatory Care"
        },
        {
          "name": "NYU Langone - Brooklyn",
          "address": "5616 Sixth Avenue",
          "city": "Brooklyn",
          "state": "NY",
          "zipCode": "11220",
          "facilityType": "Ambulatory Care"
        },
        {
          "name": "NYU Langone - New York",
          "address": "570 First Avenue",
          "city": "New York",
          "state": "NY",
          "zipCode": "10016",
          "facilityType": "Ambulatory Care"
        },
        {
          "name": "NYU Langone - Brooklyn",
          "address": "5718 Second Avenue",
          "city": "Brooklyn",
          "state": "NY",
          "zipCode": "11220",
          "facilityType": "Ambulatory Care"
        },
        {
          "name": "NYU Langone - West Babylon",
          "address": "580 Sunrise Highway",
          "city": "West Babylon",
          "state": "NY",
          "zipCode": "11704",
          "facilityType": "Ambulatory Care"
        },
        {
          "name": "NYU Langone - New Hyde Park",
          "address": "6 Ohio Drive, Suite 101",
          "city": "New Hyde Park",
          "state": "NY",
          "zipCode": "11042",
          "facilityType": "Ambulatory Care"
        },
        {
          "name": "NYU Langone - Brooklyn",
          "address": "60 Eighth Avenue",
          "city": "Brooklyn",
          "state": "NY",
          "zipCode": "11217",
          "facilityType": "Ambulatory Care"
        },
        {
          "name": "NYU Langone - Flushing",
          "address": "61 Kissena Boulevard",
          "city": "Flushing",
          "state": "NY",
          "zipCode": "11355",
          "facilityType": "Ambulatory Care"
        },
        {
          "name": "NYU Langone - New York",
          "address": "610 Second Avenue",
          "city": "New York",
          "state": "NY",
          "zipCode": "10016",
          "facilityType": "Ambulatory Care"
        },
        {
          "name": "NYU Langone - New York",
          "address": "63 Downing Street",
          "city": "New York",
          "state": "NY",
          "zipCode": "10014",
          "facilityType": "Ambulatory Care"
        },
        {
          "name": "NYU Langone - Brooklyn",
          "address": "6317 Fourth Avenue",
          "city": "Brooklyn",
          "state": "NY",
          "zipCode": "11220",
          "facilityType": "Ambulatory Care"
        },
        {
          "name": "NYU Langone - Staten Island",
          "address": "65 Cromwell Avenue",
          "city": "Staten Island",
          "state": "NY",
          "zipCode": "10304",
          "facilityType": "Ambulatory Care"
        },
        {
          "name": "NYU Langone - New York",
          "address": "660 First Avenue",
          "city": "New York",
          "state": "NY",
          "zipCode": "10016",
          "facilityType": "Ambulatory Care"
        },
        {
          "name": "NYU Langone - Brooklyn",
          "address": "6740 Fourth Avenue",
          "city": "Brooklyn",
          "state": "NY",
          "zipCode": "11220",
          "facilityType": "Ambulatory Care"
        },
        {
          "name": "NYU Langone - Forest Hills",
          "address": "69-15 Austin Street",
          "city": "Forest Hills",
          "state": "NY",
          "zipCode": "11375",
          "facilityType": "Ambulatory Care"
        },
        {
          "name": "NYU Langone - Staten Island",
          "address": "7 Petrus Avenue",
          "city": "Staten Island",
          "state": "NY",
          "zipCode": "10312",
          "facilityType": "Ambulatory Care"
        },
        {
          "name": "NYU Langone - Brooklyn",
          "address": "70 Atlantic Avenue, 4th Floor",
          "city": "Brooklyn",
          "state": "NY",
          "zipCode": "11201",
          "facilityType": "Ambulatory Care"
        },
        {
          "name": "NYU Langone - Brooklyn",
          "address": "70 Atlantic Avenue",
          "city": "Brooklyn",
          "state": "NY",
          "zipCode": "11201",
          "facilityType": "Ambulatory Care"
        },
        {
          "name": "NYU Langone - Valley Stream",
          "address": "70 East Sunrise Highway, Suite 515E",
          "city": "Valley Stream",
          "state": "NY",
          "zipCode": "11581",
          "facilityType": "Ambulatory Care"
        },
        {
          "name": "NYU Langone - Islip",
          "address": "712 Main Street",
          "city": "Islip",
          "state": "NY",
          "zipCode": "11751",
          "facilityType": "Ambulatory Care"
        },
        {
          "name": "NYU Langone - New York",
          "address": "724 Second Avenue",
          "city": "New York",
          "state": "NY",
          "zipCode": "10016",
          "facilityType": "Ambulatory Care"
        },
        {
          "name": "NYU Langone - Brooklyn",
          "address": "7316 13th Avenue",
          "city": "Brooklyn",
          "state": "NY",
          "zipCode": "11228",
          "facilityType": "Ambulatory Care"
        },
        {
          "name": "NYU Langone - Brooklyn",
          "address": "74 Kent Street, Lower Level",
          "city": "Brooklyn",
          "state": "NY",
          "zipCode": "11222",
          "facilityType": "Ambulatory Care"
        },
        {
          "name": "NYU Langone - Brooklyn",
          "address": "7517 Sixth Avenue",
          "city": "Brooklyn",
          "state": "NY",
          "zipCode": "11209",
          "facilityType": "Ambulatory Care"
        },
        {
          "name": "NYU Langone - Brooklyn",
          "address": "757 60th Street",
          "city": "Brooklyn",
          "state": "NY",
          "zipCode": "11220",
          "facilityType": "Ambulatory Care"
        },
        {
          "name": "NYU Langone - Garden City",
          "address": "765 Stewart Avenue",
          "city": "Garden City",
          "state": "NY",
          "zipCode": "11530",
          "facilityType": "Ambulatory Care"
        },
        {
          "name": "NYU Langone - Patchogue",
          "address": "77 Medford Avenue",
          "city": "Patchogue",
          "state": "NY",
          "zipCode": "11772",
          "facilityType": "Ambulatory Care"
        },
        {
          "name": "NYU Langone - Huntington",
          "address": "789 Park Avenue",
          "city": "Huntington",
          "state": "NY",
          "zipCode": "11743",
          "facilityType": "Ambulatory Care"
        },
        {
          "name": "NYU Langone - Jamaica Estates",
          "address": "80-15 164th Street",
          "city": "Jamaica Estates",
          "state": "NY",
          "zipCode": "11432",
          "facilityType": "Ambulatory Care"
        },
        {
          "name": "NYU Langone - Brooklyn",
          "address": "813 Quentin Road, Suite 200",
          "city": "Brooklyn",
          "state": "NY",
          "zipCode": "11223",
          "facilityType": "Ambulatory Care"
        },
        {
          "name": "NYU Langone - Brooklyn",
          "address": "829 57th Street, Second Floor",
          "city": "Brooklyn",
          "state": "NY",
          "zipCode": "11220",
          "facilityType": "Ambulatory Care"
        },
        {
          "name": "NYU Langone - Rego Park",
          "address": "85 Queens Boulevard",
          "city": "Rego Park",
          "state": "NY",
          "zipCode": "11374",
          "facilityType": "Ambulatory Care"
        },
        {
          "name": "NYU Langone - New York",
          "address": "862 Park Avenue",
          "city": "New York",
          "state": "NY",
          "zipCode": "10075",
          "facilityType": "Ambulatory Care"
        },
        {
          "name": "NYU Langone - Brooklyn",
          "address": "8714 Fifth Avenue",
          "city": "Brooklyn",
          "state": "NY",
          "zipCode": "11209",
          "facilityType": "Ambulatory Care"
        },
        {
          "name": "NYU Langone - Brooklyn",
          "address": "8721 5th Avenue, 3rd Floor",
          "city": "Brooklyn",
          "state": "NY",
          "zipCode": "11209",
          "facilityType": "Ambulatory Care"
        },
        {
          "name": "NYU Langone - Riverhead",
          "address": "889 East Main Street, Suite 308",
          "city": "Riverhead",
          "state": "NY",
          "zipCode": "11901",
          "facilityType": "Ambulatory Care"
        },
        {
          "name": "NYU Langone - Patchogue",
          "address": "9 Village Green Way",
          "city": "Patchogue",
          "state": "NY",
          "zipCode": "11772",
          "facilityType": "Ambulatory Care"
        },
        {
          "name": "NYU Langone - Brooklyn",
          "address": "902 Quentin Road, 1st Floor",
          "city": "Brooklyn",
          "state": "NY",
          "zipCode": "11223",
          "facilityType": "Ambulatory Care"
        },
        {
          "name": "NYU Langone - Brooklyn",
          "address": "902 Quentin Road, First and Seventh Floors",
          "city": "Brooklyn",
          "state": "NY",
          "zipCode": "11223",
          "facilityType": "Ambulatory Care"
        },
        {
          "name": "NYU Langone - Brooklyn",
          "address": "934 Manhattan Avenue",
          "city": "Brooklyn",
          "state": "NY",
          "zipCode": "11222",
          "facilityType": "Ambulatory Care"
        },
        {
          "name": "NYU Langone - Brooklyn",
          "address": "9413 Flatlands Avenue",
          "city": "Brooklyn",
          "state": "NY",
          "zipCode": "11236",
          "facilityType": "Ambulatory Care"
        },
        {
          "name": "NYU Langone - Staten Island",
          "address": "97 New Dorp Lane",
          "city": "Staten Island",
          "state": "NY",
          "zipCode": "10306",
          "facilityType": "Ambulatory Care"
        },
        {
          "name": "NYU Langone - Rego Park",
          "address": "97-85 Queens Boulevard",
          "city": "Rego Park",
          "state": "NY",
          "zipCode": "11374",
          "facilityType": "Ambulatory Care"
        },
        {
          "name": "NYU Langone - Brooklyn",
          "address": "9920 Fourth Avenue, Suite 310",
          "city": "Brooklyn",
          "state": "NY",
          "zipCode": "11209",
          "facilityType": "Ambulatory Care"
        }
      ]
    },
    {
      "healthSystem": "Mount Sinai Health System",
      "facilities": [
        {
          "name": "Mount Sinai Brooklyn",
          "address": "3201 Kings Highway",
          "city": "Brooklyn",
          "state": "NY",
          "zipCode": "11234",
          "facilityType": "Hospital"
        },
        {
          "name": "The Mount Sinai Hospital",
          "address": "1 Gustave L. Levy Place",
          "city": "New York",
          "state": "NY",
          "zipCode": "10029",
          "facilityType": "Hospital"
        },
        {
          "name": "Mount Sinai Morningside",
          "address": "1111 Amsterdam Avenue",
          "city": "New York",
          "state": "NY",
          "zipCode": "10025",
          "facilityType": "Hospital"
        },
        {
          "name": "Mount Sinai Queens",
          "address": "25-10 30th Avenue",
          "city": "Astoria",
          "state": "NY",
          "zipCode": "11102",
          "facilityType": "Hospital"
        },
        {
          "name": "Mount Sinai South Nassau",
          "address": "One Healthy Way",
          "city": "Oceanside",
          "state": "NY",
          "zipCode": "11572",
          "facilityType": "Hospital"
        },
        {
          "name": "New York Eye and Ear Infirmary of Mount Sinai",
          "address": "310 East 14th Street",
          "city": "New York",
          "state": "NY",
          "zipCode": "10003",
          "facilityType": "Hospital"
        },
        {
          "name": "Mount Sinai West",
          "address": "1000 Tenth Avenue",
          "city": "New York",
          "state": "NY",
          "zipCode": "10019",
          "facilityType": "Hospital"
        },
        {
          "name": "The Spine Hospital at Mount Sinai",
          "address": "5 East 98th Street",
          "city": "New York",
          "state": "NY",
          "zipCode": "10029",
          "facilityType": "Hospital"
        },
        {
          "name": "Mount Sinai Kravis Children's Hospital",
          "address": "1184 Fifth Avenue",
          "city": "New York",
          "state": "NY",
          "zipCode": "10029",
          "facilityType": "Hospital"
        },
        {
          "name": "Mount Sinai-Union Square",
          "address": "10 Union Square East",
          "city": "New York",
          "state": "NY",
          "zipCode": "10003",
          "facilityType": "Ambulatory Care"
        },
        {
          "name": "Blavatnik Family Chelsea Medical Center",
          "address": "325 West 15th Street",
          "city": "New York",
          "state": "NY",
          "zipCode": "10011",
          "facilityType": "Medical Center"
        },
        {
          "name": "Mount Sinai-Behavioral Health Center",
          "address": "45 Rivington Street",
          "city": "New York",
          "state": "NY",
          "zipCode": "10002",
          "facilityType": "Behavioral Health"
        },
        {
          "name": "Mount Sinai Doctors-1090 Amsterdam Avenue",
          "address": "1090 Amsterdam Avenue",
          "city": "New York",
          "state": "NY",
          "zipCode": "10025",
          "facilityType": "Ambulatory Care"
        },
        {
          "name": "Mount Sinai Doctors-2875 Broadway",
          "address": "2875 Broadway",
          "city": "New York",
          "state": "NY",
          "zipCode": "10024",
          "facilityType": "Ambulatory Care"
        },
        {
          "name": "Mount Sinai Doctors-Ansonia",
          "address": "2109 Broadway",
          "city": "New York",
          "state": "NY",
          "zipCode": "10023",
          "facilityType": "Ambulatory Care"
        },
        {
          "name": "Mount Sinai Doctors-West 147th Street",
          "address": "2771 Frederick Douglass Boulevard",
          "city": "New York",
          "state": "NY",
          "zipCode": "10039",
          "facilityType": "Ambulatory Care"
        },
        {
          "name": "Mount Sinai Doctors-638 Columbus Avenue",
          "address": "638 Columbus Avenue",
          "city": "New York",
          "state": "NY",
          "zipCode": "10024",
          "facilityType": "Ambulatory Care"
        },
        {
          "name": "May Center for Mount Sinai Doctors",
          "address": "5 East 98th Street",
          "city": "New York",
          "state": "NY",
          "zipCode": "10128",
          "facilityType": "Ambulatory Care"
        },
        {
          "name": "Mount Sinai Doctors-East 85th Street",
          "address": "234 East 85th Street",
          "city": "New York",
          "state": "NY",
          "zipCode": "10028",
          "facilityType": "Ambulatory Care"
        },
        {
          "name": "Kimberly and Eric J. Waldman Melanoma Center",
          "address": "5 East 98th Street",
          "city": "New York",
          "state": "NY",
          "zipCode": "10029",
          "facilityType": "Specialty Center"
        },
        {
          "name": "Mount Sinai Doctors-East 34th Street",
          "address": "55 East 34th Street",
          "city": "New York",
          "state": "NY",
          "zipCode": "10016",
          "facilityType": "Ambulatory Care"
        },
        {
          "name": "Samuel J. Friedman Health Center for the Performing Arts",
          "address": "729 7th Avenue",
          "city": "New York",
          "state": "NY",
          "zipCode": "10019",
          "facilityType": "Ambulatory Care"
        },
        {
          "name": "Mount Sinai Doctors-787 11th Avenue",
          "address": "787 11th Avenue",
          "city": "New York",
          "state": "NY",
          "zipCode": "10019",
          "facilityType": "Ambulatory Care"
        },
        {
          "name": "Mount Sinai Doctors-West 59th Street",
          "address": "425 West 59th Street",
          "city": "New York",
          "state": "NY",
          "zipCode": "10019",
          "facilityType": "Ambulatory Care"
        },
        {
          "name": "Mount Sinai Doctors-West 57th Street",
          "address": "200 West 57th Street",
          "city": "New York",
          "state": "NY",
          "zipCode": "10019",
          "facilityType": "Ambulatory Care"
        },
        {
          "name": "Mount Sinai Doctors-36 West 60th Street",
          "address": "36 West 60th Street",
          "city": "New York",
          "state": "NY",
          "zipCode": "10019",
          "facilityType": "Ambulatory Care"
        },
        {
          "name": "Mount Sinai Doctors-262 West 53rd Street",
          "address": "262 West 53rd Street",
          "city": "New York",
          "state": "NY",
          "zipCode": "10019",
          "facilityType": "Ambulatory Care"
        },
        {
          "name": "Mount Sinai Doctors-Centre Street",
          "address": "168 Centre Street",
          "city": "New York",
          "state": "NY",
          "zipCode": "10013",
          "facilityType": "Ambulatory Care"
        },
        {
          "name": "Mount Sinai Doctors-NoHo",
          "address": "632 Broadway",
          "city": "New York",
          "state": "NY",
          "zipCode": "10012",
          "facilityType": "Ambulatory Care"
        },
        {
          "name": "Mount Sinai Doctors-255 Greenwich Street",
          "address": "255 Greenwich Street",
          "city": "New York",
          "state": "NY",
          "zipCode": "10007",
          "facilityType": "Ambulatory Care"
        },
        {
          "name": "Mount Sinai Doctors-Stuyvesant Town",
          "address": "518 East 20th Street",
          "city": "New York",
          "state": "NY",
          "zipCode": "10009",
          "facilityType": "Ambulatory Care"
        },
        {
          "name": "Mount Sinai Doctors-West 14th Street",
          "address": "226 West 14th Street",
          "city": "New York",
          "state": "NY",
          "zipCode": "10011",
          "facilityType": "Ambulatory Care"
        },
        {
          "name": "Mount Sinai Doctors-Japanese Medical Practice",
          "address": "55 East 34th Street",
          "city": "New York",
          "state": "NY",
          "zipCode": "10016",
          "facilityType": "Ambulatory Care"
        },
        {
          "name": "Mount Sinai Doctors-West Eighth Street",
          "address": "52 West 8th Street",
          "city": "New York",
          "state": "NY",
          "zipCode": "10011",
          "facilityType": "Ambulatory Care"
        },
        {
          "name": "Mount Sinai Doctors-104 Delancey Street",
          "address": "104 Delancey Street",
          "city": "New York",
          "state": "NY",
          "zipCode": "10002",
          "facilityType": "Ambulatory Care"
        },
        {
          "name": "Mount Sinai Doctors-108 Delancey Street",
          "address": "108 Delancey Street",
          "city": "New York",
          "state": "NY",
          "zipCode": "10002",
          "facilityType": "Ambulatory Care"
        },
        {
          "name": "Mount Sinai Doctors-West 23rd Street",
          "address": "309 West 23rd Street",
          "city": "New York",
          "state": "NY",
          "zipCode": "10011",
          "facilityType": "Ambulatory Care"
        },
        {
          "name": "Mount Sinai Urgent Care-Union Square",
          "address": "10 Union Square East",
          "city": "New York",
          "state": "NY",
          "zipCode": "10003",
          "facilityType": "Urgent Care"
        },
        {
          "name": "Institute for Advanced Medicine, Peter Krueger Clinic",
          "address": "275 8th Avenue",
          "city": "New York",
          "state": "NY",
          "zipCode": "10011",
          "facilityType": "Specialty Center"
        }
      ]
    },
    {
      "healthSystem": "Memorial Sloan Kettering Cancer Center",
      "facilities": [
        {
          "name": "Memorial Hospital",
          "address": "1275 York Avenue",
          "city": "New York",
          "state": "NY",
          "zipCode": "10065",
          "facilityType": "Hospital"
        },
        {
          "name": "David H. Koch Center for Cancer Care",
          "address": "530 East 74th Street",
          "city": "New York",
          "state": "NY",
          "zipCode": "10021",
          "facilityType": "Cancer Center"
        },
        {
          "name": "Josie Robertson Surgery Center",
          "address": "1133 York Avenue",
          "city": "New York",
          "state": "NY",
          "zipCode": "10065",
          "facilityType": "Surgery Center"
        },
        {
          "name": "Evelyn H. Lauder Breast Center",
          "address": "300 East 66th Street",
          "city": "New York",
          "state": "NY",
          "zipCode": "10065",
          "facilityType": "Cancer Center"
        },
        {
          "name": "Rockefeller Outpatient Pavilion",
          "address": "160 East 53rd Street",
          "city": "New York",
          "state": "NY",
          "zipCode": "10022",
          "facilityType": "Ambulatory Care"
        },
        {
          "name": "Sidney Kimmel Center for Prostate and Urologic Cancers",
          "address": "353 East 68th Street",
          "city": "New York",
          "state": "NY",
          "zipCode": "10065",
          "facilityType": "Cancer Center"
        },
        {
          "name": "MSK 64th Street Outpatient Center",
          "address": "205 East 64th Street",
          "city": "New York",
          "state": "NY",
          "zipCode": "10065",
          "facilityType": "Ambulatory Care"
        },
        {
          "name": "MSK Ralph Lauren Center",
          "address": "1919 Madison Avenue",
          "city": "New York",
          "state": "NY",
          "zipCode": "10035",
          "facilityType": "Cancer Center"
        },
        {
          "name": "MSK Westchester",
          "address": "500 Westchester Avenue",
          "city": "West Harrison",
          "state": "NY",
          "zipCode": "10604",
          "facilityType": "Cancer Center"
        },
        {
          "name": "MSK Nassau",
          "address": "1101 Hempstead Turnpike",
          "city": "Uniondale",
          "state": "NY",
          "zipCode": "11553",
          "facilityType": "Cancer Center"
        },
        {
          "name": "MSK Commack",
          "address": "650 Commack Road",
          "city": "Commack",
          "state": "NY",
          "zipCode": "11725",
          "facilityType": "Cancer Center"
        },
        {
          "name": "MSK Hauppauge",
          "address": "800 Veterans Memorial Highway",
          "city": "Hauppauge",
          "state": "NY",
          "zipCode": "11788",
          "facilityType": "Cancer Center"
        },
        {
          "name": "MSK Bergen",
          "address": "225 Summit Avenue",
          "city": "Montvale",
          "state": "NJ",
          "zipCode": "07645",
          "facilityType": "Cancer Center"
        },
        {
          "name": "MSK Monmouth",
          "address": "480 Red Hill Road",
          "city": "Middletown",
          "state": "NJ",
          "zipCode": "07748",
          "facilityType": "Cancer Center"
        },
        {
          "name": "MSK Basking Ridge",
          "address": "136 Mountain View Boulevard",
          "city": "Basking Ridge",
          "state": "NJ",
          "zipCode": "07920",
          "facilityType": "Cancer Center"
        },
        {
          "name": "MSK Brooklyn Infusion Center",
          "address": "557 Atlantic Avenue",
          "city": "Brooklyn",
          "state": "NY",
          "zipCode": "11217",
          "facilityType": "Cancer Center"
        }
      ]
    },
    {
      "healthSystem": "NewYork-Presbyterian",
      "facilities": [
        {
          "name": "NYP/Weill Cornell Medical Center",
          "address": "525 East 68th Street",
          "city": "New York",
          "state": "NY",
          "zipCode": "10065",
          "facilityType": "Hospital"
        },
        {
          "name": "NYP/Columbia University Irving Medical Center",
          "address": "630 West 168th Street",
          "city": "New York",
          "state": "NY",
          "zipCode": "10032",
          "facilityType": "Hospital"
        },
        {
          "name": "NYP/Lower Manhattan Hospital",
          "address": "170 William Street",
          "city": "New York",
          "state": "NY",
          "zipCode": "10038",
          "facilityType": "Hospital"
        },
        {
          "name": "NYP/Allen Hospital",
          "address": "5141 Broadway",
          "city": "New York",
          "state": "NY",
          "zipCode": "10034",
          "facilityType": "Hospital"
        },
        {
          "name": "NYP/Brooklyn Methodist Hospital",
          "address": "506 Sixth Street",
          "city": "Brooklyn",
          "state": "NY",
          "zipCode": "11215",
          "facilityType": "Hospital"
        },
        {
          "name": "NYP/Queens",
          "address": "56-45 Main Street",
          "city": "Flushing",
          "state": "NY",
          "zipCode": "11355",
          "facilityType": "Hospital"
        },
        {
          "name": "NYP/Hudson Valley Hospital",
          "address": "1980 Crompond Road",
          "city": "Cortlandt Manor",
          "state": "NY",
          "zipCode": "10567",
          "facilityType": "Hospital"
        },
        {
          "name": "NYP/Westchester",
          "address": "55 Palmer Avenue",
          "city": "Bronxville",
          "state": "NY",
          "zipCode": "10708",
          "facilityType": "Hospital"
        }
      ]
    },
    {
      "healthSystem": "Weill Cornell Medicine",
      "facilities": [
        {
          "name": "Primary Care - East Side",
          "address": "215 East 85th Street",
          "city": "New York",
          "state": "NY",
          "zipCode": "10028",
          "facilityType": "Primary Care"
        },
        {
          "name": "Primary Care - East 80th St",
          "address": "211 East 80th Street",
          "city": "New York",
          "state": "NY",
          "zipCode": "10075",
          "facilityType": "Primary Care"
        },
        {
          "name": "Primary Care - East 72nd St",
          "address": "428 East 72nd Street",
          "city": "New York",
          "state": "NY",
          "zipCode": "10021",
          "facilityType": "Primary Care"
        },
        {
          "name": "Iris Cantor Health Center",
          "address": "425 East 61st Street",
          "city": "New York",
          "state": "NY",
          "zipCode": "10065",
          "facilityType": "Ambulatory Care"
        },
        {
          "name": "Primary Care - West Side",
          "address": "12 West 72nd Street",
          "city": "New York",
          "state": "NY",
          "zipCode": "10023",
          "facilityType": "Primary Care"
        },
        {
          "name": "Primary Care at Broadway",
          "address": "2315 Broadway",
          "city": "New York",
          "state": "NY",
          "zipCode": "10024",
          "facilityType": "Primary Care"
        },
        {
          "name": "Primary Care - West 80th",
          "address": "232 West 80th Street",
          "city": "New York",
          "state": "NY",
          "zipCode": "10024",
          "facilityType": "Primary Care"
        },
        {
          "name": "Primary Care - Tribeca",
          "address": "40 Worth Street",
          "city": "New York",
          "state": "NY",
          "zipCode": "10013",
          "facilityType": "Primary Care"
        },
        {
          "name": "Primary Care - Lower Manhattan",
          "address": "156 William Street",
          "city": "New York",
          "state": "NY",
          "zipCode": "10038",
          "facilityType": "Primary Care"
        },
        {
          "name": "Primary Care - Brooklyn Heights",
          "address": "186 Joralemon Street",
          "city": "Brooklyn",
          "state": "NY",
          "zipCode": "11201",
          "facilityType": "Primary Care"
        },
        {
          "name": "Primary Care - Long Island City",
          "address": "28-25 Jackson Avenue",
          "city": "Long Island City",
          "state": "NY",
          "zipCode": "11101",
          "facilityType": "Primary Care"
        },
        {
          "name": "Weill Cornell - Southampton",
          "address": "2 Montauk Highway",
          "city": "Southampton",
          "state": "NY",
          "zipCode": "11968",
          "facilityType": "Primary Care"
        }
      ]
    },
    {
      "healthSystem": "ColumbiaDoctors",
      "facilities": [
        {
          "name": "ColumbiaDoctors Midtown",
          "address": "51 West 51st Street",
          "city": "New York",
          "state": "NY",
          "zipCode": "10019",
          "facilityType": "Ambulatory Care"
        }
      ]
    },
    {
      "healthSystem": "Northwell Health",
      "facilities": [
        {
          "name": "North Shore University Hospital",
          "address": "300 Community Drive",
          "city": "Manhasset",
          "state": "NY",
          "zipCode": "11030",
          "facilityType": "Hospital"
        },
        {
          "name": "Long Island Jewish Medical Center",
          "address": "270-05 76th Avenue",
          "city": "New Hyde Park",
          "state": "NY",
          "zipCode": "11040",
          "facilityType": "Hospital"
        },
        {
          "name": "Lenox Hill Hospital",
          "address": "100 East 77th Street",
          "city": "New York",
          "state": "NY",
          "zipCode": "10075",
          "facilityType": "Hospital"
        },
        {
          "name": "Staten Island University Hospital (North)",
          "address": "475 Seaview Avenue",
          "city": "Staten Island",
          "state": "NY",
          "zipCode": "10305",
          "facilityType": "Hospital"
        },
        {
          "name": "Northern Westchester Hospital",
          "address": "400 East Main Street",
          "city": "Mount Kisco",
          "state": "NY",
          "zipCode": "10549",
          "facilityType": "Hospital"
        },
        {
          "name": "Phelps Hospital",
          "address": "701 North Broadway",
          "city": "Sleepy Hollow",
          "state": "NY",
          "zipCode": "10591",
          "facilityType": "Hospital"
        },
        {
          "name": "Glen Cove Hospital",
          "address": "101 St. Andrews Lane",
          "city": "Glen Cove",
          "state": "NY",
          "zipCode": "11542",
          "facilityType": "Hospital"
        },
        {
          "name": "Mather Hospital",
          "address": "75 North Country Road",
          "city": "Port Jefferson",
          "state": "NY",
          "zipCode": "11777",
          "facilityType": "Hospital"
        },
        {
          "name": "Endoscopy Center of Long Island",
          "address": "711 Stewart Avenue",
          "city": "Garden City",
          "state": "NY",
          "zipCode": "11530",
          "facilityType": "Surgery Center"
        },
        {
          "name": "Garden City SurgiCenter",
          "address": "400 Endo Boulevard",
          "city": "Garden City",
          "state": "NY",
          "zipCode": "11530",
          "facilityType": "Surgery Center"
        },
        {
          "name": "Lynbrook Surgery Center",
          "address": "444 Merrick Road",
          "city": "Lynbrook",
          "state": "NY",
          "zipCode": "11563",
          "facilityType": "Surgery Center"
        },
        {
          "name": "Schwartz Ambulatory Surgery Center",
          "address": "300 Community Drive",
          "city": "Manhasset",
          "state": "NY",
          "zipCode": "11030",
          "facilityType": "Surgery Center"
        },
        {
          "name": "Prohealth Ambulatory Surgery Center",
          "address": "2800 Marcus Avenue",
          "city": "New Hyde Park",
          "state": "NY",
          "zipCode": "11042",
          "facilityType": "Surgery Center"
        },
        {
          "name": "Syosset SurgiCenter",
          "address": "240 Jericho Turnpike",
          "city": "Syosset",
          "state": "NY",
          "zipCode": "11791",
          "facilityType": "Surgery Center"
        },
        {
          "name": "Suffolk Surgery Center",
          "address": "1500 William Floyd Parkway",
          "city": "Shirley",
          "state": "NY",
          "zipCode": "11967",
          "facilityType": "Surgery Center"
        },
        {
          "name": "Greenwich Village ASC",
          "address": "200 West 13th Street",
          "city": "New York",
          "state": "NY",
          "zipCode": "10011",
          "facilityType": "Surgery Center"
        },
        {
          "name": "Surgical Specialty Center of Westchester",
          "address": "440 Mamaroneck Avenue",
          "city": "Harrison",
          "state": "NY",
          "zipCode": "10528",
          "facilityType": "Surgery Center"
        },
        {
          "name": "Northwell Bay Shore",
          "address": "250 East Main Street",
          "city": "Bay Shore",
          "state": "NY",
          "zipCode": "11706",
          "facilityType": "Ambulatory Care"
        },
        {
          "name": "Northwell Babylon",
          "address": "500 West Main Street",
          "city": "Babylon",
          "state": "NY",
          "zipCode": "11702",
          "facilityType": "Ambulatory Care"
        },
        {
          "name": "Northwell Islip",
          "address": "260 Main Street",
          "city": "Islip",
          "state": "NY",
          "zipCode": "11751",
          "facilityType": "Ambulatory Care"
        },
        {
          "name": "Northwell Woodbury",
          "address": "321 Crossways Park Drive",
          "city": "Woodbury",
          "state": "NY",
          "zipCode": "11797",
          "facilityType": "Ambulatory Care"
        },
        {
          "name": "Northwell Great Neck",
          "address": "560 Northern Boulevard",
          "city": "Great Neck",
          "state": "NY",
          "zipCode": "11021",
          "facilityType": "Ambulatory Care"
        },
        {
          "name": "Northwell Manhasset",
          "address": "1165 Northern Boulevard",
          "city": "Manhasset",
          "state": "NY",
          "zipCode": "11030",
          "facilityType": "Ambulatory Care"
        }
      ]
    },
    {
      "healthSystem": "Montefiore Health System",
      "facilities": [
        {
          "name": "Montefiore Medical Center (Moses Campus)",
          "address": "111 East 210th Street",
          "city": "Bronx",
          "state": "NY",
          "zipCode": "10467",
          "facilityType": "Hospital"
        },
        {
          "name": "Montefiore Einstein (Wakefield Campus)",
          "address": "600 East 233rd Street",
          "city": "Bronx",
          "state": "NY",
          "zipCode": "10466",
          "facilityType": "Hospital"
        },
        {
          "name": "Montefiore Einstein (Weiler Campus)",
          "address": "1825 Eastchester Road",
          "city": "Bronx",
          "state": "NY",
          "zipCode": "10461",
          "facilityType": "Hospital"
        },
        {
          "name": "Children's Hospital at Montefiore",
          "address": "3415 Bainbridge Avenue",
          "city": "Bronx",
          "state": "NY",
          "zipCode": "10467",
          "facilityType": "Hospital"
        },
        {
          "name": "Montefiore Mount Vernon",
          "address": "12 North Seventh Avenue",
          "city": "Mount Vernon",
          "state": "NY",
          "zipCode": "10550",
          "facilityType": "Hospital"
        },
        {
          "name": "Montefiore New Rochelle",
          "address": "16 Guion Place",
          "city": "New Rochelle",
          "state": "NY",
          "zipCode": "10801",
          "facilityType": "Hospital"
        },
        {
          "name": "MMG Via Verde",
          "address": "730 Brook Avenue",
          "city": "Bronx",
          "state": "NY",
          "zipCode": "10451",
          "facilityType": "Primary Care"
        },
        {
          "name": "MMG Williamsbridge",
          "address": "3011 Boston Road",
          "city": "Bronx",
          "state": "NY",
          "zipCode": "10469",
          "facilityType": "Primary Care"
        },
        {
          "name": "MMG Bronx East",
          "address": "2300 Westchester Avenue",
          "city": "Bronx",
          "state": "NY",
          "zipCode": "10462",
          "facilityType": "Primary Care"
        },
        {
          "name": "MMG Grand Concourse",
          "address": "2532 Grand Concourse",
          "city": "Bronx",
          "state": "NY",
          "zipCode": "10458",
          "facilityType": "Primary Care"
        },
        {
          "name": "MMG Co-op City",
          "address": "2100 Bartow Avenue",
          "city": "Bronx",
          "state": "NY",
          "zipCode": "10475",
          "facilityType": "Primary Care"
        },
        {
          "name": "MMG Riverdale",
          "address": "3510 Johnson Avenue",
          "city": "Bronx",
          "state": "NY",
          "zipCode": "10463",
          "facilityType": "Primary Care"
        },
        {
          "name": "MMG Castle Hill",
          "address": "2175 Westchester Avenue",
          "city": "Bronx",
          "state": "NY",
          "zipCode": "10462",
          "facilityType": "Primary Care"
        },
        {
          "name": "MMG Cross County",
          "address": "1010 Central Park Avenue",
          "city": "Yonkers",
          "state": "NY",
          "zipCode": "10704",
          "facilityType": "Primary Care"
        },
        {
          "name": "MMG Eastchester",
          "address": "440 White Plains Road",
          "city": "Eastchester",
          "state": "NY",
          "zipCode": "10709",
          "facilityType": "Primary Care"
        },
        {
          "name": "Comprehensive Health Care Center",
          "address": "305 East 161st Street",
          "city": "Bronx",
          "state": "NY",
          "zipCode": "10451",
          "facilityType": "Primary Care"
        },
        {
          "name": "Montefiore Einstein Advanced Care",
          "address": "385 9th Avenue",
          "city": "New York",
          "state": "NY",
          "zipCode": "10001",
          "facilityType": "Ambulatory Care"
        }
      ]
    },
    {
      "healthSystem": "NYC Health + Hospitals",
      "facilities": [
        {
          "name": "Bellevue Hospital",
          "address": "462 First Avenue",
          "city": "New York",
          "state": "NY",
          "zipCode": "10016",
          "facilityType": "Hospital"
        },
        {
          "name": "Jacobi Medical Center",
          "address": "1400 Pelham Parkway South",
          "city": "Bronx",
          "state": "NY",
          "zipCode": "10461",
          "facilityType": "Hospital"
        },
        {
          "name": "Lincoln Medical Center",
          "address": "234 East 149th Street",
          "city": "Bronx",
          "state": "NY",
          "zipCode": "10451",
          "facilityType": "Hospital"
        },
        {
          "name": "North Central Bronx Hospital",
          "address": "3424 Kossuth Avenue",
          "city": "Bronx",
          "state": "NY",
          "zipCode": "10467",
          "facilityType": "Hospital"
        },
        {
          "name": "Elmhurst Hospital",
          "address": "79-01 Broadway",
          "city": "Elmhurst",
          "state": "NY",
          "zipCode": "11373",
          "facilityType": "Hospital"
        },
        {
          "name": "Queens Hospital Center",
          "address": "82-68 164th Street",
          "city": "Jamaica",
          "state": "NY",
          "zipCode": "11432",
          "facilityType": "Hospital"
        },
        {
          "name": "Kings County Hospital",
          "address": "451 Clarkson Avenue",
          "city": "Brooklyn",
          "state": "NY",
          "zipCode": "11203",
          "facilityType": "Hospital"
        },
        {
          "name": "Woodhull Hospital",
          "address": "760 Broadway",
          "city": "Brooklyn",
          "state": "NY",
          "zipCode": "11206",
          "facilityType": "Hospital"
        },
        {
          "name": "Metropolitan Hospital",
          "address": "1901 First Avenue",
          "city": "New York",
          "state": "NY",
          "zipCode": "10029",
          "facilityType": "Hospital"
        },
        {
          "name": "South Brooklyn Health",
          "address": "2601 Ocean Parkway",
          "city": "Brooklyn",
          "state": "NY",
          "zipCode": "11235",
          "facilityType": "Hospital"
        },
        {
          "name": "Gotham Health Tremont",
          "address": "1920 Webster Avenue",
          "city": "Bronx",
          "state": "NY",
          "zipCode": "10457",
          "facilityType": "Primary Care"
        },
        {
          "name": "Gotham Health Roosevelt",
          "address": "37-50 72nd Street",
          "city": "Jackson Heights",
          "state": "NY",
          "zipCode": "11372",
          "facilityType": "Primary Care"
        },
        {
          "name": "Gotham Health Broadway",
          "address": "815 Broadway",
          "city": "Brooklyn",
          "state": "NY",
          "zipCode": "11206",
          "facilityType": "Primary Care"
        },
        {
          "name": "Gotham Health Belvis",
          "address": "545 East 142nd Street",
          "city": "Bronx",
          "state": "NY",
          "zipCode": "10454",
          "facilityType": "Primary Care"
        },
        {
          "name": "Gotham Health Morrisania",
          "address": "1225 Gerard Avenue",
          "city": "Bronx",
          "state": "NY",
          "zipCode": "10452",
          "facilityType": "Primary Care"
        },
        {
          "name": "Gotham Health Gunhill",
          "address": "1012 East Gunhill Road",
          "city": "Bronx",
          "state": "NY",
          "zipCode": "10469",
          "facilityType": "Primary Care"
        },
        {
          "name": "Gotham Health Gouverneur",
          "address": "227 Madison Street",
          "city": "New York",
          "state": "NY",
          "zipCode": "10002",
          "facilityType": "Primary Care"
        }
      ]
    },
    {
      "healthSystem": "AdvantageCare Physicians",
      "facilities": [
        {
          "name": "ACPNY Chambers Street",
          "address": "115 Chambers Street",
          "city": "New York",
          "state": "NY",
          "zipCode": "10007",
          "facilityType": "Primary Care"
        },
        {
          "name": "Union Health Center",
          "address": "160 West 26th Street",
          "city": "New York",
          "state": "NY",
          "zipCode": "10001",
          "facilityType": "Primary Care"
        },
        {
          "name": "ACPNY Annadale",
          "address": "4471 Hylan Boulevard",
          "city": "Staten Island",
          "state": "NY",
          "zipCode": "10312",
          "facilityType": "Primary Care"
        },
        {
          "name": "ACPNY Clove Road",
          "address": "1050 Clove Road",
          "city": "Staten Island",
          "state": "NY",
          "zipCode": "10301",
          "facilityType": "Primary Care"
        },
        {
          "name": "ACPNY Cambria Heights",
          "address": "206-20 Linden Boulevard",
          "city": "Cambria Heights",
          "state": "NY",
          "zipCode": "11411",
          "facilityType": "Primary Care"
        },
        {
          "name": "ACPNY Elmhurst",
          "address": "86-15 Queens Boulevard",
          "city": "Elmhurst",
          "state": "NY",
          "zipCode": "11373",
          "facilityType": "Primary Care"
        },
        {
          "name": "ACPNY Forest Hills",
          "address": "96-10 Metropolitan Avenue",
          "city": "Forest Hills",
          "state": "NY",
          "zipCode": "11375",
          "facilityType": "Primary Care"
        },
        {
          "name": "ACPNY Flushing",
          "address": "140-15 Sanford Avenue",
          "city": "Flushing",
          "state": "NY",
          "zipCode": "11355",
          "facilityType": "Primary Care"
        },
        {
          "name": "ACPNY Jamaica Estates",
          "address": "180-05 Hillside Avenue",
          "city": "Jamaica",
          "state": "NY",
          "zipCode": "11432",
          "facilityType": "Primary Care"
        },
        {
          "name": "ACPNY Richmond Hill",
          "address": "125-06 101st Avenue",
          "city": "Richmond Hill",
          "state": "NY",
          "zipCode": "11419",
          "facilityType": "Primary Care"
        },
        {
          "name": "ACPNY Rochdale Village",
          "address": "169-27 137th Avenue",
          "city": "Jamaica",
          "state": "NY",
          "zipCode": "11434",
          "facilityType": "Primary Care"
        },
        {
          "name": "ACPNY Rockaway",
          "address": "29-15 Far Rockaway Boulevard",
          "city": "Far Rockaway",
          "state": "NY",
          "zipCode": "11691",
          "facilityType": "Primary Care"
        },
        {
          "name": "ACPNY Babylon",
          "address": "300 Bay Shore Road",
          "city": "Bay Shore",
          "state": "NY",
          "zipCode": "11706",
          "facilityType": "Primary Care"
        },
        {
          "name": "ACPNY Hempstead",
          "address": "226 Clinton Street",
          "city": "Hempstead",
          "state": "NY",
          "zipCode": "11550",
          "facilityType": "Primary Care"
        },
        {
          "name": "ACPNY Hicksville",
          "address": "350 South Broadway",
          "city": "Hicksville",
          "state": "NY",
          "zipCode": "11801",
          "facilityType": "Primary Care"
        },
        {
          "name": "ACPNY Lake Success",
          "address": "1991 Marcus Avenue",
          "city": "Lake Success",
          "state": "NY",
          "zipCode": "11042",
          "facilityType": "Primary Care"
        },
        {
          "name": "ACPNY Valley Stream",
          "address": "260 West Sunrise Highway",
          "city": "Valley Stream",
          "state": "NY",
          "zipCode": "11581",
          "facilityType": "Primary Care"
        },
        {
          "name": "ACPNY Woodbury",
          "address": "225 Froehlich Farm Boulevard",
          "city": "Woodbury",
          "state": "NY",
          "zipCode": "11797",
          "facilityType": "Primary Care"
        }
      ]
    },
    {
      "healthSystem": "Summit Health",
      "facilities": [
        {
          "name": "Summit Health West 18th Street",
          "address": "18 West 18th Street",
          "city": "New York",
          "state": "NY",
          "zipCode": "10011",
          "facilityType": "Ambulatory Care"
        },
        {
          "name": "Summit Health Upper West Side",
          "address": "1865 Broadway",
          "city": "New York",
          "state": "NY",
          "zipCode": "10023",
          "facilityType": "Ambulatory Care"
        },
        {
          "name": "Summit Health Garden City Hub",
          "address": "901 Franklin Avenue",
          "city": "Garden City",
          "state": "NY",
          "zipCode": "11530",
          "facilityType": "Ambulatory Care"
        }
      ]
    },
    {
      "healthSystem": "CityMD",
      "facilities": [
        {
          "name": "CityMD West Harlem",
          "address": "125th Street",
          "city": "New York",
          "state": "NY",
          "zipCode": "10027",
          "facilityType": "Urgent Care"
        },
        {
          "name": "CityMD West 42nd Street",
          "address": "345 West 42nd Street",
          "city": "New York",
          "state": "NY",
          "zipCode": "10036",
          "facilityType": "Urgent Care"
        },
        {
          "name": "CityMD Staten Island Amboy",
          "address": "5788 Amboy Road",
          "city": "Staten Island",
          "state": "NY",
          "zipCode": "10309",
          "facilityType": "Urgent Care"
        },
        {
          "name": "CityMD Astoria Steinway",
          "address": "31-11 Steinway Street",
          "city": "Astoria",
          "state": "NY",
          "zipCode": "11103",
          "facilityType": "Urgent Care"
        },
        {
          "name": "CityMD Auburndale",
          "address": "191-20 Northern Boulevard",
          "city": "Flushing",
          "state": "NY",
          "zipCode": "11358",
          "facilityType": "Urgent Care"
        }
      ]
    },
    {
      "healthSystem": "Maimonides Medical Center",
      "facilities": [
        {
          "name": "Maimonides Medical Center",
          "address": "4802 Tenth Avenue",
          "city": "Brooklyn",
          "state": "NY",
          "zipCode": "11219",
          "facilityType": "Hospital"
        },
        {
          "name": "Maimonides Midwood Community Hospital",
          "address": "2525 Kings Highway",
          "city": "Brooklyn",
          "state": "NY",
          "zipCode": "11229",
          "facilityType": "Hospital"
        },
        {
          "name": "Maimonides Children's Hospital",
          "address": "4802 Tenth Avenue",
          "city": "Brooklyn",
          "state": "NY",
          "zipCode": "11219",
          "facilityType": "Hospital"
        },
        {
          "name": "Maimonides Doctors Pavilion",
          "address": "5008 Fort Hamilton Parkway",
          "city": "Brooklyn",
          "state": "NY",
          "zipCode": "11219",
          "facilityType": "Ambulatory Care"
        },
        {
          "name": "Maimonides Adult Primary Care Center",
          "address": "1250 57th Street",
          "city": "Brooklyn",
          "state": "NY",
          "zipCode": "11219",
          "facilityType": "Primary Care"
        },
        {
          "name": "Maimonides Adult and Pediatric Care 7th Ave",
          "address": "6323 7th Avenue",
          "city": "Brooklyn",
          "state": "NY",
          "zipCode": "11220",
          "facilityType": "Primary Care"
        },
        {
          "name": "Maimonides Adult and Pediatric Care Newkirk",
          "address": "1401 Newkirk Avenue",
          "city": "Brooklyn",
          "state": "NY",
          "zipCode": "11226",
          "facilityType": "Primary Care"
        },
        {
          "name": "Maimonides Bay Ridge Emergency Department",
          "address": "9036 7th Avenue",
          "city": "Brooklyn",
          "state": "NY",
          "zipCode": "11228",
          "facilityType": "Emergency"
        }
      ]
    }
  ]
}