{
  "AK": [
    "Adak",
    "Ak",
    "Akhiok",
    "Akiachak",
    "Akiak",
    "Akutan",
    "Alakanuk",
    "Alaska",
    "Aleknagik",
    "Aleknagik North",
    "Aleknagik South",
    "Allakaket",
    "Ambler",
    "Anaktuvuk Pass",
    "Anch",
    "Anchirage",
    "Anchor Point",
    "Anchorage",
    "Anchorage Ak",
    "Anchoragea",
    "Anderson",
    "Angoon",
    "Aniak",
    "Ankorage",
    "Anvik",
    "Arctic Village",
    "Atka",
    "Atmautluak",
    "Auke Bay",
    "Barrow",
    "Beaver",
    "Behel",
    "Bethel",
    "Bethel,",
    "Bethle",
    "Big Lake",
    "Bird Creek",
    "Brevig",
    "Brevig Mission",
    "Buckland",
    "Cantwell",
    "Chalkyitsik",
    "Chefornak",
    "Chenega",
    "Chenega Bay",
    "Chevak",
    "Chigiak",
    "Chignik",
    "Chignik Bay",
    "Chignik Lagoon",
    "Chignik Lake",
    "Chistochina",
    "Chitina",
    "Chuathbaluk",
    "Chugiak",
    "Circle",
    "Clam Gulch",
    "Clarks Point",
    "Clear",
    "Clear Afs",
    "Coffman Cove",
    "Cold Bay",
    "Cooper Landing",
    "Copper Center",
    "Cordova",
    "Craig",
    "Deadhorse",
    "Deering",
    "Delta Jct",
    "Delta Jct.",
    "Delta Junction",
    "Denali",
    "Denali National Park",
    "Denali Park",
    "Dillingahm",
    "Dillingham",
    "Dilllingham",
    "Dimond Anchorage",
    "Dot Lake",
    "Dothan",
    "Douglas",
    "Dutch Harbor",
    "Eagle",
    "Eagle Rive",
    "Eagle River",
    "Eagle River, Ak",
    "Edna Bay",
    "Eek",
    "Egegik",
    "Eielson",
    "Eielson Afb",
    "Eielson Air Force Base",
    "Ekwok",
    "Elim",
    "Elmendorf",
    "Elmendorf Afb",
    "Elmendorf Air Force Base",
    "Elmendorf/anchorage",
    "Emmonak",
    "Ester",
    "Excursion Inlet",
    "Faibanks",
    "Fair Banks",
    "Fairbank",
    "Fairbanks",
    "False Pass",
    "Faribanks",
    "Fbks",
    "Fort Greely",
    "Fort Richardson",
    "Fort Wainright",
    "Fort Wainwright",
    "Fort Yukon",
    "Fox",
    "Fr Greely",
    "Fritz Creek",
    "Ft Rich",
    "Ft Richardson",
    "Ft Wainright",
    "Ft Wainwright",
    "Ft. Greely",
    "Ft. Wainwright",
    "Ft. Wainwright,",
    "Gakona",
    "Galena",
    "Gambell",
    "Girdwood",
    "Glennallen",
    "Golovin",
    "Goodnews Bay",
    "Grayling",
    "Gustavus",
    "Gustvaus",
    "Haines",
    "Healy",
    "Homer",
    "Hoonah",
    "Hooper Bay",
    "Hope",
    "Houston",
    "Hughes",
    "Huslia",
    "Hydaburg",
    "Igiugig",
    "Iguigig",
    "Iliamna",
    "Imagination Land",
    "Ivanoff Bay",
    "Jb Elmendorf",
    "Jber",
    "Jber Elmendorf Afb",
    "Jber/richardson",
    "Joint Base Elmendorf Richardson",
    "Joint Base Elmendorf-richardson",
    "Joint Base Elmendorf-richardson (jber)",
    "Juneau",
    "Juneu",
    "Kake",
    "Kalsgag",
    "Kalskag",
    "Kaltag",
    "Kasaan",
    "Kasigluk",
    "Kasilof",
    "Kenai",
    "Ketchikan",
    "Kiana",
    "Kiawock",
    "King Cove",
    "King Salmon",
    "Kipnuk",
    "Kivalina",
    "Klawock",
    "Klowack",
    "Klukwan",
    "Kobuk",
    "Kodiak",
    "Kokhanok",
    "Koliganek",
    "Kongiganak",
    "Kongiganuk",
    "Kotlik",
    "Kotzbue",
    "Kotzebue",
    "Koyuk",
    "Koyukuk",
    "Kwethluk",
    "Kwigillingok",
    "Larsen Bay",
    "Levelock",
    "Lewis Point",
    "Little Diomede",
    "Lower Kalskag",
    "Malvern",
    "Manley Hot Springs",
    "Manokotak",
    "Marshall",
    "Mc Grath",
    "Mccarthy",
    "Mcgrath",
    "Meadow Lakes",
    "Mekoryuk",
    "Mentasta",
    "Mentasta Lake",
    "Metlakatla",
    "Minto",
    "Mountain Village",
    "Mtn. Village",
    "Naknek",
    "Name",
    "Nanwalek",
    "Napakiak",
    "Napaskiak",
    "Naukati",
    "Naukati Bay",
    "Nelson Lagoon",
    "Nenana",
    "New Stuyahok",
    "Newhalen",
    "Newtok",
    "Nightmute",
    "Nikiski",
    "Nikolaevsk",
    "Nikolai",
    "Nikolski",
    "Ninilchik",
    "Ninilhcik",
    "Noatak",
    "Nome",
    "Nondalton",
    "None",
    "Noorvik",
    "North Little Rock",
    "North Pole",
    "Northway",
    "Nulato",
    "Nunam",
    "Nunam Iqua",
    "Nunapitchuk",
    "Old Harbor",
    "Osceola",
    "Ouzinkie",
    "Palmer",
    "Pedro Bay",
    "Pelican",
    "Perryville",
    "Petersburg",
    "Pilot Point",
    "Pilot Station",
    "Platinum",
    "Point Baker",
    "Point Hope",
    "Port Alsworth",
    "Port Graham",
    "Port Heiden",
    "Port Lions",
    "Port Protection",
    "Portage Creek",
    "Prudhoe Bay",
    "Pt Baker",
    "Pt Protection",
    "Pt. Hope",
    "Quinhagak",
    "Ruby",
    "Russian Mission",
    "Saint George Island",
    "Saint Mary's",
    "Saint Marys",
    "Saint Michael",
    "Saint Paul",
    "Saint Paul Island",
    "Salana",
    "Salcha",
    "Saldotna",
    "Sand Point",
    "Savoonga",
    "Scammon Bay",
    "Seard",
    "Seaward",
    "Selawik",
    "Seldovia",
    "Sewad",
    "Seward",
    "Shageluk",
    "Shaktoolik",
    "Shishmaref",
    "Shungnak",
    "Sika",
    "Sitka",
    "Skagway",
    "Soldotna",
    "South Naknek",
    "St Marys",
    "St Michael",
    "St Paul",
    "St Paul Island",
    "St. George",
    "St. George Island",
    "St. Mary's",
    "St. Michael",
    "St. Paul",
    "St. Paul Island",
    "St.michael",
    "Stebbins",
    "Sterling",
    "Stony River",
    "Suite 1",
    "Sutton",
    "Talkeenta",
    "Talkeetna",
    "Tanacross",
    "Tanana",
    "Tatitlek",
    "Teller",
    "Tenakee Springs",
    "Tetlin",
    "Thorne Bay",
    "Togiak",
    "Tok",
    "Toksook Bay",
    "Tuluksak",
    "Tuntutliak",
    "Tuntutuliak",
    "Tununak",
    "Twin Hills",
    "Tyonek",
    "Unakaska",
    "Unalakleet",
    "Unalaska",
    "Uqtiagvik",
    "Utqiagvik",
    "Valdez",
    "Venetie",
    "Wales",
    "Wales,",
    "Wasila",
    "Wasilla",
    "Whale Pass",
    "White Mountain",
    "Whittier",
    "Willow",
    "Wranagell",
    "Wrangel",
    "Wrangell",
    "Wt.mountain",
    "Yakutat",
    "Yautat"
  ],
  "AL": [
    "Abbeville",
    "Adamsville",
    "Addison",
    "Adger",
    "Akron",
    "Alabama",
    "Alabaster",
    "Albertille",
    "Albertville",
    "Alex City",
    "Alexander City",
    "Alexandria",
    "Aliceville",
    "Allentown",
    "Alpine",
    "Altoona",
    "Anchorage",
    "Andalusia",
    "Anderson",
    "Aniston",
    "Anniston",
    "Apo",
    "Arab",
    "Ardmore",
    "Ariton",
    "Arkon",
    "Arley",
    "Ashford",
    "Ashland",
    "Ashville",
    "Athens",
    "Atlanta",
    "Atmore",
    "Attalla",
    "Aubrun",
    "Aubum",
    "Auburn",
    "Auburn University",
    "Audalusia",
    "Autaugaville",
    "Axis",
    "B Ham",
    "B'ham",
    "Baileyton",
    "Banks",
    "Bankston",
    "Barrow",
    "Baton Rouge",
    "Bay Minette",
    "Bay Minette Al",
    "Bayou La Batre",
    "Bayou Labatre",
    "Bayou, La Batre",
    "Beatrice",
    "Beaver Falls",
    "Beaverton",
    "Bedford",
    "Benton",
    "Berry",
    "Bessemer",
    "Bham",
    "Big Cove",
    "Birimingham",
    "Birmigham",
    "Birmignham",
    "Birmin",
    "Birmingam",
    "Birmingham",
    "Birmingham,",
    "Birmingham,al",
    "Birminghgam",
    "Birminghm",
    "Birmington",
    "Birmirngham",
    "Birmmingham",
    "Birmngham",
    "Birmnigham",
    "Birningham",
    "Blountsville",
    "Boaz",
    "Boligee",
    "Branchville",
    "Brantley",
    "Bremen",
    "Brent",
    "Brewton",
    "Bridgeport",
    "Brierfield",
    "Brighton",
    "Brimingham",
    "Brooklyn",
    "Brookside",
    "Brookwood",
    "Brownsboro",
    "Brundidge",
    "Bryant",
    "Buhl",
    "Burkville",
    "Butler",
    "Cahaba Heights",
    "Cahaba Hts",
    "Calera",
    "Camden",
    "Camp Hill",
    "Capshaw",
    "Carbon Hill",
    "Carrollton",
    "Carrolton",
    "Castleberry",
    "Catherine",
    "Cecil",
    "Cedar Bluff",
    "Center Point",
    "Centerpoint",
    "Centerville",
    "Centre",
    "Centreville",
    "Ceres",
    "Chancellor",
    "Chatom",
    "Chelsea",
    "Cherokee",
    "Cherokee Ridge",
    "Chickasaw",
    "Childersburg",
    "Chunchula",
    "Citronelle",
    "Clanton",
    "Clay",
    "Clayton",
    "Cleveland",
    "Clio",
    "Coaling",
    "Coden",
    "Coffee Springs",
    "Coffeeville",
    "Coker",
    "Collinsville",
    "Columbia",
    "Columbiana",
    "Columbiana, Alabama",
    "Columbus",
    "Cook Springs",
    "Coosada",
    "Cordova",
    "Cottondale",
    "Cottonwood",
    "Courtland",
    "Cowarts",
    "Crane Hill",
    "Creola",
    "Cropwell",
    "Crossville",
    "Cuba",
    "Cullman",
    "Cullmar",
    "Cusseta",
    "Dadeville",
    "Dalevile",
    "Dalevill",
    "Daleville",
    "Danville",
    "Daphne",
    "Dauphin Island",
    "Deatsville",
    "Decatur",
    "Decature",
    "Delta",
    "Demopolis",
    "Detroit",
    "Dickinson",
    "Dixons Mills",
    "Dolomite",
    "Dora",
    "Dotham",
    "Dothan",
    "Dothan , Alabama",
    "Double Springs",
    "Dozier",
    "Duncanville",
    "Dutton",
    "East Brewton",
    "Eastaboga",
    "Eclectic",
    "Eight Mile",
    "El Monte",
    "Elba",
    "Elberta",
    "Eldridge",
    "Elkmont",
    "Elmore",
    "Empire",
    "Encino",
    "Ensley",
    "Enterprise",
    "Equality",
    "Ethelsville",
    "Eufaula",
    "Eutaw",
    "Eva",
    "Evergreen",
    "Fackler",
    "Fairfield",
    "Fairhope",
    "Falkville",
    "Faunsdale",
    "Fayette",
    "Fitzpatrick",
    "Flat Rock",
    "Flomaton",
    "Florala",
    "Florence",
    "Foley",
    "For Trucker",
    "Forest Home",
    "Forestdale",
    "Forkland",
    "Fort Deposit",
    "Fort Irwin",
    "Fort Mitchell",
    "Fort Novosel",
    "Fort Payne",
    "Fort Riucker",
    "Fort Rucker",
    "Fort. Rucker",
    "Fpo",
    "Framingham",
    "Frankville",
    "Frisco City",
    "Fruitdale",
    "Fruithurst",
    "Ft Mitchell",
    "Ft Novosel",
    "Ft Payne",
    "Ft Rucker",
    "Ft. Novosel",
    "Ft. Payne",
    "Ft. Rucker",
    "Ft.rucker",
    "Fulton",
    "Fultondale",
    "Fyffe",
    "Gadsden",
    "Gallant",
    "Gallion",
    "Gantt",
    "Gardendale",
    "Gaylesville",
    "Geneva",
    "Georgiana",
    "Geraldine",
    "Gilbertown",
    "Glencoe",
    "Glenwood",
    "Goodwater",
    "Gordo",
    "Gordon",
    "Goshen",
    "Grady",
    "Graham",
    "Grand Bay",
    "Grandbay",
    "Grant",
    "Graysville",
    "Green Pond",
    "Greensboro",
    "Greenville",
    "Greenwell Springs",
    "Grove Hill",
    "Grovehill",
    "Guin",
    "Gulf Shores",
    "Guntersville",
    "Gurley",
    "Hackleburg",
    "Haines",
    "Haleyville",
    "Hamilton",
    "Hampton Cove",
    "Hanceville",
    "Hardaway",
    "Harpersville",
    "Hartford",
    "Hartselle",
    "Harvest",
    "Hayden",
    "Hayneville",
    "Hazel Green",
    "Headland",
    "Heflin",
    "Helena",
    "Henafar",
    "Henagar",
    "Higdon",
    "Hillsboro",
    "Hobson City",
    "Hodges",
    "Hokes Bluff",
    "Holly Pond",
    "Hollywood",
    "Homewood",
    "Honoraville",
    "Hoover",
    "Hope Hull",
    "Horton",
    "Houston",
    "Hueytown",
    "Hunstville",
    "Huntersville",
    "Huntsviile",
    "Huntsville",
    "Huntsvillle",
    "Huntville",
    "Hurtsboro",
    "Ider",
    "Indian Springs",
    "Irondale",
    "Irvington",
    "Jachin",
    "Jack",
    "Jackson",
    "Jacksons Gap",
    "Jacksonville",
    "Jasper",
    "Jemison",
    "Jena",
    "Joppa",
    "Kellyton",
    "Kennedy",
    "Killen",
    "Kimberly",
    "Kinsey",
    "Kinston",
    "Laceys Spring",
    "Lafayette",
    "Lake View",
    "Lanett",
    "Langston",
    "Lapine",
    "Leeds",
    "Leesburg",
    "Leighton",
    "Lester",
    "Letohatchee",
    "Lexington",
    "Lillian",
    "Lincoln",
    "Linden",
    "Lineville",
    "Lisman",
    "Lithonia",
    "Livingston",
    "Livingston,al",
    "Livinigston",
    "Locust Fork",
    "Logan",
    "Los Altos",
    "Los Angeles",
    "Louisville",
    "Lower Peach Tree",
    "Loxley",
    "Luverne",
    "Lynn",
    "Lynwood",
    "Madison",
    "Mafb",
    "Magnolia Springs",
    "Malvern",
    "Maplesville",
    "Marion",
    "Mathews",
    "Maxwell",
    "Maxwell Afb",
    "Maxwell Air Force Base",
    "Maxwell, Afb",
    "Maylene",
    "Mc Calla",
    "Mc Intosh",
    "Mccalla",
    "Mcintosh",
    "Mentone",
    "Meridianville",
    "Mesa",
    "Metairie",
    "Mexia",
    "Midfield",
    "Midland City",
    "Midway",
    "Millbrook",
    "Millport",
    "Millry",
    "Minter",
    "Mobile",
    "Moblie",
    "Monroeville",
    "Montevallo",
    "Montg0mery",
    "Montgomery",
    "Montgomey",
    "Montogmery",
    "Montomery",
    "Montomgery",
    "Montrose",
    "Moody",
    "Morris",
    "Moulton",
    "Moundsville",
    "Moundville",
    "Mount Hope",
    "Mount Meigs",
    "Mount Olive",
    "Mount Vernon",
    "Mountain Brk",
    "Mountain Brook",
    "Moutlon",
    "Mt Brook",
    "Mt Olive",
    "Mt Vernon",
    "Mt. Brook",
    "Mt. Meigs",
    "Mt. Vernon",
    "Mulga",
    "Munford",
    "Muscle Shoals",
    "Nauvoo",
    "Needham",
    "New Brockton",
    "New Hope",
    "New Market",
    "New Site",
    "Newbern",
    "Newell",
    "Newton",
    "Newville",
    "Normal",
    "North Hazel Green",
    "North Valley",
    "Northport",
    "Notasulga",
    "Oakman",
    "Odenville",
    "Ohatchee",
    "Okanogan",
    "Oneonta",
    "Opeika",
    "Opelika",
    "Opp",
    "Orange Beach",
    "Orrville",
    "Owens Cross",
    "Owens Cross Rds",
    "Owens Cross Roads",
    "Owens X Rds",
    "Oxford",
    "Ozark",
    "Pansey",
    "Parrish",
    "Pelahm",
    "Pelham",
    "Pell City",
    "Perdido",
    "Peterman",
    "Phenix",
    "Phenix City",
    "Phil Campbell",
    "Phoenix",
    "Pickensville",
    "Piedmont",
    "Pike Road",
    "Pinckard",
    "Pine Apple",
    "Pine Hill",
    "Pineapple",
    "Pinehill",
    "Pinson",
    "Pisgah",
    "Pittsview",
    "Plantersville",
    "Pleasant Grove",
    "Point Clear",
    "Prattville",
    "Pratville",
    "Prescott",
    "Prichard",
    "Quinton",
    "Ragland",
    "Rainbow City",
    "Rainsville",
    "Ralph",
    "Ramer",
    "Ranburne",
    "Randolph",
    "Red Bay",
    "Red Level",
    "Redstone",
    "Redstone Arsenal",
    "Reform",
    "Rehobeth",
    "Remlap",
    "Repton",
    "Richmond",
    "Riverside",
    "Roanoke",
    "Roberstdale",
    "Robertsdale",
    "Rockford",
    "Rogersville",
    "Rogerville",
    "Russellville",
    "Rutledge",
    "Salem",
    "Samson",
    "San Diego",
    "San Francisco",
    "San Jose",
    "Sandrock",
    "Saraland",
    "Sardis",
    "Sardis City",
    "Satsuma",
    "Sawyerville",
    "Scottsboro",
    "Seale",
    "Seattle",
    "Section",
    "Sectoin",
    "Selma",
    "Seminole",
    "Semmes",
    "Seward",
    "Sheffield",
    "Shelby",
    "Shoal Creek",
    "Shorter",
    "Shreveport",
    "Silas",
    "Silverhill",
    "Sipsey",
    "Skipperville",
    "Slema",
    "Slocomb",
    "Smith Station",
    "Smiths",
    "Smiths Station",
    "Snead",
    "Soldotna",
    "Somerville",
    "Southside",
    "Spanish Fort",
    "Springville",
    "Spruce Pine",
    "St Stephens",
    "Stapleton",
    "Steele",
    "Sterrett",
    "Stevenson",
    "Stockton",
    "Sulligent",
    "Sumiton",
    "Summerdale",
    "Sweet Water",
    "Sylacauga",
    "Sylacouga",
    "Sylvania",
    "Talladega",
    "Tallassee",
    "Tanner",
    "Tarrant",
    "Tarrant City",
    "Taylor",
    "Telladega",
    "Texarkana",
    "Theodore",
    "Thomaston",
    "Thomasville",
    "Thorsby",
    "Tibbie",
    "Titus",
    "Toney",
    "Town Creek",
    "Toxey",
    "Trafford",
    "Trenton",
    "Trinity",
    "Troy",
    "Troy University",
    "Trussville",
    "Tuscalcosa",
    "Tuscaloosa",
    "Tuscalossa",
    "Tuscalousa",
    "Tuscalsosa",
    "Tuscumbia",
    "Tuskaloosa",
    "Tuskegee",
    "Tuskegee Inst",
    "Tuskegee Institute",
    "Tyler",
    "Unalaska",
    "Union Grove",
    "Union Springs",
    "Uniontown",
    "Uriah",
    "Valhermoso Springs",
    "Valley",
    "Valley Grande",
    "Valley Head",
    "Vally",
    "Vance",
    "Vandiver",
    "Vernon",
    "Vestana Hills",
    "Vestavia",
    "Vestavia Hills",
    "Vestavia Hls",
    "Vina",
    "Vincent",
    "Vinemont",
    "Vredenburgh",
    "Wadley",
    "Wagarville",
    "Walnut Grove",
    "Warrior",
    "Wasilla",
    "Waterloo",
    "Waverly",
    "Weaver",
    "Wedowee",
    "Wellington",
    "West Blocton",
    "Westover",
    "Wetumpka",
    "Whistler",
    "White Hall",
    "Wilmer",
    "Wilsonville",
    "Winfield",
    "Winfiled",
    "Woodland",
    "Woodstock",
    "Woodville",
    "York"
  ],
  "FL": [
    ". Lake Clark Shores",
    "0rlando",
    "200",
    "32207",
    "Adventura",
    "Alachua",
    "Alford",
    "Almonte Springs",
    "Altamonte",
    "Altamonte Spg",
    "Altamonte Sprgs",
    "Altamonte Spring",
    "Altamonte Springs",
    "Altha",
    "Altmonte Springs",
    "Altoona",
    "Alva",
    "Amelia Island",
    "Anna Maria",
    "Anthony",
    "Apalachicola",
    "Apo",
    "Apoka",
    "Apollo",
    "Apollo Beach",
    "Apopka",
    "Arcadia",
    "Archer",
    "Arecibo",
    "Astatula",
    "Astor",
    "Atlanta Springs",
    "Atlantic",
    "Atlantic Bch",
    "Atlantic Beach",
    "Atlantis",
    "Atlantis, Fl",
    "Attamonte Springs",
    "Auburndale",
    "Augusta",
    "Aurbundale",
    "Ave Maria",
    "Aventura",
    "Avon Park",
    "Azalea Park",
    "B-10",
    "Babcock Ranch",
    "Babson Park",
    "Baca Raton",
    "Baco Raton",
    "Baker",
    "Bal Harbour",
    "Baldwin",
    "Balm",
    "Barefoot Bay",
    "Barefoot Beach",
    "Bartow",
    "Bartown",
    "Bascom",
    "Baton Rouge",
    "Bay Harbor",
    "Bay Harbor Is",
    "Bay Harbor Island",
    "Bay Harbor Islands",
    "Bay Harbour Islands",
    "Bay Pine",
    "Bay Pines",
    "Bay Pines,",
    "Baynton Beach",
    "Bayonet Point",
    "Baypines",
    "Bb",
    "Bell",
    "Bell Glade",
    "Bella Collina",
    "Belle Glade",
    "Belle Isle",
    "Belleair",
    "Belleair Beach",
    "Belleair Bluffs",
    "Belleair Shores",
    "Belleview",
    "Bellview",
    "Bevely Hills",
    "Beverly Hills",
    "Big Pine Key",
    "Biscayne Park",
    "Blountstown",
    "Boa Raton",
    "Boca",
    "Boca Baton",
    "Boca Grande",
    "Boca Ration",
    "Boca Raton",
    "Boca Raton,",
    "Boca Raton, Fl",
    "Boca Rtaon",
    "Boco Raton",
    "Bokeelia",
    "Bonifay",
    "Bonita Springs",
    "Bounton Beach",
    "Bowden",
    "Bowling Green",
    "Boynton",
    "Boynton Bch",
    "Boynton Bea H",
    "Boynton Beach",
    "Boyton Beach",
    "Braden River",
    "Bradenton",
    "Bradenton Beach",
    "Bradenton,",
    "Bradley",
    "Bradon",
    "Brandenton",
    "Brando",
    "Brandon",
    "Branford",
    "Brendon",
    "Brevard",
    "Briny Breezes",
    "Bristol",
    "Brodenton",
    "Bronson",
    "Brooker",
    "Brookesville",
    "Brooksvill",
    "Brooksville",
    "Brookville",
    "Broward",
    "Bryceville",
    "Bunnell",
    "Bushnell",
    "Callahan",
    "Callaway",
    "Camp Lejeune",
    "Campbellton",
    "Cantonment",
    "Cape",
    "Cape Canaveral",
    "Cape Canevaral",
    "Cape Coral",
    "Cape Corral",
    "Cape Haze",
    "Captiva",
    "Carol City",
    "Carrabelle",
    "Carrollwood",
    "Caryville",
    "Cassadaga",
    "Casselberry",
    "Cassleberry",
    "Cedar Key",
    "Celebration",
    "Center Hill",
    "Century",
    "Champions Gate",
    "Champions Gt",
    "Championsgate",
    "Charlotte Harbor",
    "Charlotte Harobr",
    "Chattahoochee",
    "Chicago",
    "Chiefland",
    "Chipley",
    "Christmas",
    "Chuluota",
    "Cirtus Hills",
    "Cissna Park",
    "Citra",
    "Citrus Hills",
    "Citrus Springs",
    "Clair Mel City",
    "Clarcona",
    "Claremont",
    "Clarksville",
    "Clearwater",
    "Clearwater Beach",
    "Clearwatr",
    "Clemont",
    "Clermont",
    "Clewiston",
    "Coastal Orthopedics & Sports Medicine Of",
    "Coca",
    "Coca Beach",
    "Cocoa",
    "Cocoa Beach",
    "Cocoa, Fl",
    "Coconut Creek",
    "Coconut Grove",
    "Coleman",
    "Cooper City",
    "Cooper F",
    "Copper City",
    "Coral",
    "Coral Gable",
    "Coral Gables",
    "Coral Ridge",
    "Coral Spings",
    "Coral Spring",
    "Coral Springs",
    "Corol Springs",
    "Cortez",
    "Cottondale",
    "Crawfordville",
    "Crescent City",
    "Crestview",
    "Cross City",
    "Crtestview",
    "Crystal Beach",
    "Crystal River",
    "Cudjoe Key",
    "Curtler Bay",
    "Cutler Bay",
    "Cutler Ridge",
    "Cypress Gardens",
    "Dade City",
    "Dadeland",
    "Dania",
    "Dania Beach",
    "Davenport",
    "Davenport-polk",
    "Davie",
    "Davis Island",
    "Dayton Beach",
    "Daytona",
    "Daytona Bch",
    "Daytona Beac",
    "Daytona Beach",
    "Daytona Beach Fl",
    "Daytona Beach Shores",
    "De Funiak Springs",
    "De Land",
    "De Leon Springs",
    "Debary",
    "Debbary",
    "Deefield Beach",
    "Deer Field Beach",
    "Deerfield",
    "Deerfield Bch",
    "Deerfield Beach",
    "Deerfield Beach,",
    "Deerfield Beech",
    "Deerfiled Beach",
    "Defuniak Spgs",
    "Defuniak Springs",
    "Del Ray Beach",
    "Deland",
    "Delano",
    "Delay Beach",
    "Delray",
    "Delray Bch",
    "Delray Beach",
    "Delray Beach,",
    "Delray Beach, Fl",
    "Delray Bleach",
    "Deltona",
    "Destin",
    "Deston",
    "Dode City",
    "Doral",
    "Dover",
    "Dowling Park",
    "Duck Key",
    "Duette",
    "Duke Field",
    "Duke Field Afs",
    "Dundee",
    "Dundein",
    "Dunedin",
    "Dunellon",
    "Dunnellon",
    "Eafb",
    "Eagle Lake",
    "Earleton",
    "East Naples",
    "East Palatka",
    "Eastlake Weir",
    "Eastpoint",
    "Eatonville",
    "Ebro",
    "Edgewater",
    "Edgewood",
    "Eglin",
    "Eglin Afb",
    "Eglin Afb Fld #3",
    "Eglin Air Force Base",
    "Eglin Airforce Base",
    "Eglin, Afb",
    "El Portal",
    "Elfers",
    "Elkton",
    "Ellenton",
    "Englewood",
    "Enterprise",
    "Estero",
    "Estuis",
    "Eustis",
    "Eutis",
    "Fairfield",
    "Fanning Springs",
    "Felda",
    "Fellsmere",
    "Fern Bch",
    "Fern Park",
    "Fernadina Beach",
    "Fernandina",
    "Fernandina Bch",
    "Fernandina Beach",
    "Fernidina Bch",
    "Fernpark",
    "Fl",
    "Fl Lauderdale",
    "Flagler Beach",
    "Fleming Island",
    "Fleming Islang",
    "Florahome",
    "Floral City",
    "Florida",
    "Florida City",
    "For Lauderdale",
    "Forest City",
    "Forest City Specialtly Family",
    "Fort Denaud",
    "Fort Lauderale",
    "Fort Lauderda",
    "Fort Lauderdal",
    "Fort Lauderdale",
    "Fort Lauderdale Davie",
    "Fort Lauderdaxle",
    "Fort Lauderdle",
    "Fort Lauderhill",
    "Fort Laudrerdale",
    "Fort Launderdale",
    "Fort Lauredale",
    "Fort Mc Coy",
    "Fort Mccoy",
    "Fort Meade",
    "Fort Meyers",
    "Fort Myere",
    "Fort Myers",
    "Fort Myers Beach",
    "Fort Ogden",
    "Fort Pierce",
    "Fort Pierce,",
    "Fort Walton",
    "Fort Walton Beach",
    "Fort Walton Beeach",
    "Fort White",
    "Fort-lauderdale",
    "Fort. Lauderdale",
    "Fort. Pierce",
    "Forte Pierce",
    "Fortlauderdale",
    "Fortpierce",
    "Fountain",
    "Fourt Lauderdale",
    "Fpo Aa",
    "Fpo Ap",
    "Fr Lauderdale",
    "Freeport",
    "Friutland Park",
    "Frostproof",
    "Fruit Cove",
    "Fruite Cove",
    "Fruitland Park",
    "Ft . Myers",
    "Ft Laud",
    "Ft Laudedale",
    "Ft Lauderale",
    "Ft Lauderdale",
    "Ft Mccoy",
    "Ft Meyers",
    "Ft Myers",
    "Ft Myers Beach",
    "Ft Orange",
    "Ft Pierce",
    "Ft Walton",
    "Ft Walton Bch",
    "Ft Walton Beach",
    "Ft. Laud",
    "Ft. Lauderale",
    "Ft. Lauderdale",
    "Ft. Mfyers",
    "Ft. Myers",
    "Ft. Pierce",
    "Ft. Walton Bch.",
    "Ft. Walton Beach",
    "Ft.lauderdale",
    "Ft.pierce",
    "Gaiesville",
    "Gainesville",
    "Gainesville Fl",
    "Gainesville,",
    "Gainesvillie",
    "Gaineville",
    "Gainsville",
    "Geneva",
    "Georgetown",
    "Gibsonton",
    "Glen Saint Mary",
    "Glen St Mary",
    "Glen St. Mary",
    "Glenview",
    "Golden Beach",
    "Golf",
    "Gotha",
    "Goulds",
    "Graceville",
    "Grainesville",
    "Grand Island",
    "Grand Ridge",
    "Grandin",
    "Grant",
    "Grant Valkaria",
    "Grassy Key",
    "Greater Northdale",
    "Green Acres",
    "Green Cove Springs",
    "Green Cv Spgs",
    "Greenacers",
    "Greenacre",
    "Greenacres",
    "Greenacres,",
    "Greenville",
    "Greenwood",
    "Gretna",
    "Grove City",
    "Groveland",
    "Gulf Breeze",
    "Gulf Stream",
    "Gulfport",
    "H Gardens",
    "Haines",
    "Haines City",
    "Hainescity",
    "Haleah",
    "Hallandale",
    "Hallandale Bch",
    "Hallandale Beach",
    "Hampton",
    "Hane City",
    "Harmony",
    "Hartsville",
    "Hastings",
    "Havana",
    "Haverhill",
    "Hawthonre",
    "Hawthorne",
    "Heathrow",
    "Hernando",
    "Hernando Beach",
    "Hiaeleah",
    "Hialea Gardens",
    "Hialeaah",
    "Hialeah",
    "Hialeah Garden",
    "Hialeah Gardens",
    "Hialeah Gdns",
    "Hialheah",
    "High Springs",
    "High Sprngs",
    "Highland Beach",
    "Highland City",
    "Hight Springs",
    "Hilliard",
    "Hillsboro Beach",
    "Hllywood",
    "Hobe Sound",
    "Holiday",
    "Hollister",
    "Holllywood",
    "Holly Hill",
    "Holly Hill,",
    "Hollyood",
    "Hollywod",
    "Hollywood",
    "Hollywood Florida",
    "Hollywood Hills",
    "Hollywood,",
    "Holmes Beach",
    "Holt",
    "Homestaed",
    "Homestead",
    "Homestead Afb",
    "Homosassa",
    "Homosassa Springs",
    "Homstead",
    "Honolulu",
    "Hosford",
    "Howard Beach",
    "Howey In The Hills",
    "Hudson",
    "Hurlbert Afb",
    "Hurlburg Afb",
    "Hurlburt",
    "Hurlburt Afb",
    "Hurlburt Air Base",
    "Hurlburt Feild",
    "Hurlburt Field",
    "Hurlburt Field Afb",
    "Hurlburt Fld",
    "Hutchinson Island",
    "Hypoluxo",
    "Immokalee",
    "India Harbor Bch",
    "Indialantic",
    "Indian Harbor Beach",
    "Indian Harbour Bch",
    "Indian Harbour Beach",
    "Indian Lake Estates",
    "Indian River Shores",
    "Indian Rocks Beach",
    "Indian Shores",
    "Indiantown",
    "Indn Hbr Bch",
    "Inglis",
    "Inlet Beach",
    "Intercession City",
    "Interlachen",
    "Inveness",
    "Invenress",
    "Inverness",
    "Islamorada",
    "Iverness",
    "Jachsonville",
    "Jackosnville",
    "Jackson",
    "Jacksonvile",
    "Jacksonvilel",
    "Jacksonvill",
    "Jacksonville",
    "Jacksonville Beach",
    "Jacksonville Fl",
    "Jacksonville Fl, 32211",
    "Jacksonville,",
    "Jacksonville, Fl",
    "Jacksonville, Fl 32209",
    "Jacksoville",
    "Jackssonville",
    "Jaksonville",
    "Jasper",
    "Jax",
    "Jax Bch",
    "Jay",
    "Jennings",
    "Jensen Beach",
    "Joe",
    "Jonesville",
    "Juno Beach",
    "Jupier",
    "Jupiter",
    "Juptier",
    "Kathleen",
    "Kenansville",
    "Kendall",
    "Kennedy Space Center",
    "Kenneth City",
    "Key Biscayne",
    "Key Colony Beach",
    "Key Largo",
    "Key West",
    "Keystone Heights",
    "Keystone Hgts",
    "Keywest",
    "Kinard",
    "Kindred",
    "Kissemme",
    "Kissemmee",
    "Kissimee",
    "Kissimme",
    "Kissimmee",
    "Kissinmee",
    "Kisssimmee",
    "Ksc",
    "La Crosse",
    "Labelle",
    "Lady Lake",
    "Lady Lake (the Villages)",
    "Lady Lake,",
    "Lady Lake/villages",
    "Lady Lakes",
    "Lake Alfred",
    "Lake Buena Vista",
    "Lake Butler",
    "Lake City",
    "Lake Clarke",
    "Lake Clarke Shores",
    "Lake Hamilton",
    "Lake Helen",
    "Lake Lake",
    "Lake Mary",
    "Lake Monroe",
    "Lake Nona, Orlando",
    "Lake Panasoffkee",
    "Lake Park",
    "Lake Placid",
    "Lake Suzy",
    "Lake Wales",
    "Lake Worh",
    "Lake Worth",
    "Lake Worth Beach",
    "Lake Worth Fl",
    "Lake Woth",
    "Lake. Mary",
    "Lakecity",
    "Lakelamd",
    "Lakeland",
    "Lakeshore",
    "Lakewood Ranch",
    "Lakewood Ranch (bardenton)",
    "Lakewood Rch",
    "Lakeworth",
    "Lamont",
    "Land 'o Lakes",
    "Land O Lakes",
    "Land O' Lakes",
    "Land O'lakes",
    "Lantan",
    "Lantana",
    "Largo",
    "Laud Lakes",
    "Lauderdale By The Sea",
    "Lauderdale Lake",
    "Lauderdale Lakes",
    "Lauderdaleby Sea",
    "Lauderhill",
    "Laurel Hill",
    "Lawtey",
    "Lealman",
    "Lecanto",
    "Lee",
    "Leesberg",
    "Leesburg",
    "Lehigh",
    "Lehigh Ac Res",
    "Lehigh Acre",
    "Lehigh Acres",
    "Libertyville",
    "Lighthouse Point",
    "Lighthouse Pt",
    "Lithia",
    "Little Torch Key",
    "Live Oak",
    "Lk. Mary",
    "Llake Worth",
    "Lockhart",
    "Long Key",
    "Longboat Key",
    "Longwood",
    "Lorida",
    "Loughman",
    "Loxachatchee",
    "Loxaharchee",
    "Loxahatchee",
    "Loxahatchee Groves",
    "Lulu",
    "Lutz",
    "Lutz, Florida",
    "Lynn Haven",
    "Mac Dill Afb",
    "Macclenny",
    "Macdill",
    "Macdill Afb",
    "Madeira Beach",
    "Madison",
    "Magnolia Square",
    "Mailtand",
    "Mailtland",
    "Maimi",
    "Maimi Beach",
    "Maitland",
    "Malabar",
    "Malone",
    "Mami",
    "Manalapan",
    "Mandarin",
    "Mango",
    "Mangonia Park",
    "Marage",
    "Marathon",
    "Marco Island",
    "Margate",
    "Mariann",
    "Marianna",
    "Martin North Hospital",
    "Mary Esther",
    "Mascotte",
    "Matlacha",
    "Matlacha Isles",
    "Maynard",
    "Mayo",
    "Mayport",
    "Mayport Naval Sta",
    "Mayport Naval Station",
    "Mc Alpin",
    "Mc David",
    "Mc Intosh",
    "Mcintosh",
    "Medley",
    "Melborne",
    "Melbounre",
    "Melboure",
    "Melbourn",
    "Melbourne",
    "Melbourne Bch",
    "Melbourne Beach",
    "Melbourne Village",
    "Melmourne",
    "Melrose",
    "Merritt Is",
    "Merritt Island",
    "Mexico Beach",
    "Mia",
    "Miam",
    "Miama",
    "Miami",
    "Miami ,fla 33125",
    "Miami Bach",
    "Miami Bch",
    "Miami Beach",
    "Miami Beach, Fl",
    "Miami Dade",
    "Miami Fl",
    "Miami Garden",
    "Miami Gardens",
    "Miami Gradens",
    "Miami Hialiah",
    "Miami Lake",
    "Miami Lakes",
    "Miami Lakes Dr 374",
    "Miami Shore",
    "Miami Shores",
    "Miami Springs",
    "Miami,",
    "Miami, Florida, United States",
    "Miami, Gardens,fl",
    "Miami-dade",
    "Miamia Beach",
    "Miamia, Florida 33133",
    "Miamidade",
    "Miani",
    "Micanopy",
    "Micco",
    "Middleberg",
    "Middleburg",
    "Middleton",
    "Midway",
    "Milton",
    "Mims",
    "Minneola",
    "Miramar",
    "Miramar Beach",
    "Miromar Lakes",
    "Mirritt Island",
    "Mlebourne",
    "Molino",
    "Monticello",
    "Montverde",
    "Moore Haven",
    "Morriston",
    "Mount Dora",
    "Mt Dora",
    "Mt. Dora",
    "Mulberry",
    "Myakka",
    "Myakka City",
    "N Clearwater",
    "N Fort Myers",
    "N Ft Myers",
    "N Lauderdale",
    "N Miami",
    "N Miami Beach",
    "N Palm Beach",
    "N. Fort Myers",
    "N. Ft Myers",
    "N. Lauderdale",
    "N. Miami",
    "N. Miami Beach",
    "N.m.b.",
    "N.palm Beach",
    "Naperville",
    "Naples",
    "Naranja",
    "Nas Mayport",
    "Naval Station Mayport",
    "Navarre",
    "Navarre,",
    "Ne Palm Bay",
    "Neptune Beach",
    "Neptune Beach Florida",
    "New Port Richey",
    "New Port Rickey",
    "New Port Ritchey",
    "New Prt Rchy",
    "New Pt Richey",
    "New Smyma Beach",
    "New Smyrna",
    "New Smyrna B",
    "New Smyrna Bch",
    "New Smyrna Beach",
    "New Symerna Beach",
    "New Symrna Beach",
    "New York",
    "Newberry",
    "Newport Richey",
    "Niceville",
    "Nmb",
    "No Miami Bch",
    "No Miami Beach",
    "No. Miami",
    "Nokomis",
    "Nort Miami Beach",
    "North",
    "North Bay Village",
    "North Fort Myers",
    "North Ft Myers",
    "North Ft. Myers",
    "North Lauderdale",
    "North Main Beach",
    "North Miami",
    "North Miami Bch",
    "North Miami Beach",
    "North Miami Beach,",
    "North Miami Gardens",
    "North Naples",
    "North Palm Baech",
    "North Palm Bch",
    "North Palm Beach",
    "North Port",
    "North Redington Beach",
    "North St Petersburg",
    "North Venice",
    "Northbay Village",
    "Northlauderdale",
    "Northort",
    "Npr",
    "Ns Mayport",
    "O Brien",
    "Oak Hill",
    "Oak Lawn",
    "Oakland",
    "Oakland Park",
    "Oakland Park,",
    "Ocala",
    "Ocala,fl",
    "Ocean Breeze",
    "Ocean Ridge",
    "Ochopee",
    "Ocklawaha",
    "Ocoee",
    "Odessa",
    "Okahumpka",
    "Okeechobbee",
    "Okeechobec",
    "Okeechobee",
    "Okeechobee,",
    "Old Town",
    "Oldsmar",
    "Olrando",
    "Ona",
    "Oneco",
    "Opa Locka",
    "Opa- Locka",
    "Opa-locka",
    "Opalocka",
    "Oralando",
    "Orang Park",
    "Orange",
    "Orange City",
    "Orange Park",
    "Orl",
    "Orland",
    "Orlanda",
    "Orlando",
    "Orlando (turkey Lake)",
    "Orlando Florida",
    "Orlando,",
    "Orlanod",
    "Ormend Beach",
    "Ormond Bch",
    "Ormond Beach",
    "Ormond Beach,",
    "Ormond Brach",
    "Osprey",
    "Osteen",
    "Otter Creek",
    "Oveido",
    "Oviedo",
    "Oxford",
    "P C Beach",
    "Pace",
    "Pafb",
    "Pahokee",
    "Paisley",
    "Palatica",
    "Palatka",
    "Palm Bay",
    "Palm Bch Gardens",
    "Palm Bch Gdns",
    "Palm Bch Grdns",
    "Palm Bch. Gardens",
    "Palm Beach",
    "Palm Beach Garden",
    "Palm Beach Gardens",
    "Palm Beach Gdns",
    "Palm Beach Shores",
    "Palm City",
    "Palm Coast",
    "Palm Harbor",
    "Palm Harbour",
    "Palm Shores",
    "Palm Springs",
    "Palm Springs North",
    "Palmdale",
    "Palmetto",
    "Palmetto Bay",
    "Pampano Beach",
    "Panacea",
    "Panama Beach City",
    "Panama City",
    "Panama City Beach",
    "Panana City Beach",
    "Parker",
    "Parkland",
    "Parrish",
    "Pasadena",
    "Patrick Afb",
    "Patrick Air Force Base",
    "Patrick Sfb",
    "Patrick Space Force Base",
    "Paxton",
    "Pbg",
    "Pemboke Pines",
    "Pembroke Park",
    "Pembroke Pined",
    "Pembroke Pines",
    "Pembroke Pnes",
    "Penbroke Pines",
    "Penney Farms",
    "Penny Farms",
    "Pensacol",
    "Pensacola",
    "Pensacola Beach",
    "Pensacola Nas",
    "Pensacola Naval Air Station",
    "Pensacoloa",
    "Pensaloca",
    "Penscola",
    "Pensocola",
    "Peoria",
    "Perrine",
    "Perry",
    "Petersburg",
    "Pierson",
    "Pine Castle",
    "Pinecrest",
    "Pineland",
    "Pinelias Park",
    "Pinellas",
    "Pinellas Park",
    "Pinetta",
    "Placida",
    "Planation",
    "Plant City",
    "Plantaion",
    "Plantation",
    "Plantation,",
    "Plymouth",
    "Poinciana",
    "Polk City",
    "Pomoano Beach",
    "Pomona Park",
    "Pomono Beach",
    "Pompana Beach",
    "Pompano",
    "Pompano Bch",
    "Pompano Bea",
    "Pompano Beach",
    "Pompano Beach,",
    "Pompono Beach",
    "Ponce De Leon",
    "Ponce Inlet",
    "Ponte Vedra",
    "Ponte Vedra Beach",
    "Ponte Vedva Beach",
    "Ponte Verda",
    "Ponte Verda Beach",
    "Ponte Verde Beach",
    "Popano Beach",
    "Poret Orange",
    "Port Canaveral",
    "Port Charles",
    "Port Charlotte",
    "Port Charlotte,",
    "Port Charlotted",
    "Port Charolotte",
    "Port Lucie",
    "Port Orange",
    "Port Richey",
    "Port Saint Joe",
    "Port Saint John",
    "Port Saint Lucie",
    "Port Saint Lucie, Fl",
    "Port St Joe",
    "Port St John",
    "Port St Lucie",
    "Port St Lucie Blvd",
    "Port St Lucir",
    "Port St. Joe",
    "Port St. Luce",
    "Port St. Lucie",
    "Port St. Lucie West",
    "Port St. Luice",
    "Port St.lucie",
    "Port-st-lucie",
    "Post Saint Lucie",
    "Princeston",
    "Princeton",
    "Prot Orange",
    "Psl",
    "Pt Charlotte",
    "Pt Orange",
    "Pt St Lucie",
    "Pt St. Lucie",
    "Pt. Charlotte",
    "Pt. Orange",
    "Pt. St. Lucie",
    "Punta Gorda",
    "Quincy",
    "Qunicy",
    "Raiford",
    "Ramrod Key",
    "Reddick",
    "Redington Beach",
    "Redington Shores",
    "Redland",
    "Reunion",
    "Ridge Manor",
    "Rivera Beach",
    "Riverview",
    "Riviera",
    "Riviera Beach",
    "Rivieria Beach",
    "Rockledge",
    "Rocky Point",
    "Roseland",
    "Rosemary Beach",
    "Rotonda West",
    "Royal Palm",
    "Royal Palm Beach",
    "Royal Palm Beach.",
    "Royal Plm Beach",
    "Ruskin",
    "S Daytona",
    "S Pasadena",
    "S. Pasadena",
    "Saddlebunch Key",
    "Safety Harbor",
    "Saint Augustine",
    "Saint Augustine Beach",
    "Saint Cloud",
    "Saint George Island",
    "Saint James City",
    "Saint John's",
    "Saint Johns",
    "Saint Leo",
    "Saint Lucie",
    "Saint Peterburg",
    "Saint Petersbur",
    "Saint Petersburg",
    "Saint. Cloud",
    "Saitn Cloud",
    "Salt Springs",
    "San Antonio",
    "San Francisco",
    "San Mateo",
    "Sanderson",
    "Sandestin",
    "Sandford",
    "Sanford",
    "Sanibel",
    "Santa Rosa",
    "Santa Rosa Bch",
    "Santa Rosa Beach",
    "Sarasoa",
    "Sarasora",
    "Sarasot",
    "Sarasota",
    "Sarasota Fl",
    "Sarastoa",
    "Saratosa",
    "Satellite Bch",
    "Satellite Beach",
    "Satsuma",
    "Savannah",
    "Sawgrass",
    "Scottsmoor",
    "Sea Ranch Lakes",
    "Seacrest",
    "Seagrove",
    "Sebastian",
    "Sebastian,fl",
    "Sebring",
    "Seffner",
    "Seminole",
    "Seville",
    "Sewalls Point",
    "Shady Hills",
    "Shalimar",
    "Shclimar",
    "Siesta Key",
    "Silver Springs",
    "Singer Island",
    "Sneads",
    "Sopchoppy",
    "Sorrento",
    "Sout Pasadena",
    "South Bay",
    "South Daytona",
    "South Daytona Beach",
    "South Miami",
    "South Palm Beach",
    "South Pampano Beach",
    "South Pasadena",
    "South Pompano Beach",
    "South Tampa",
    "South, Pompano Beach",
    "Southport",
    "Southwest Ranches",
    "Spring Hill",
    "Springhill",
    "St . Petersburg",
    "St Augustine",
    "St Augustine Beach",
    "St Cloud",
    "St James City",
    "St Johns",
    "St Lucie",
    "St Lucie West",
    "St Pete",
    "St Pete Beach",
    "St Peterburg",
    "St Petersburg",
    "St Petersburg Beach",
    "St Petersburg Blvd",
    "St Petersburgh",
    "St Petersvburg",
    "St Teresa",
    "St, Petersburg",
    "St. Augustine",
    "St. Cloud",
    "St. George Island",
    "St. Joe",
    "St. Johns",
    "St. Johns County",
    "St. Leo",
    "St. Pete",
    "St. Peterburg",
    "St. Petersburg",
    "St. Petersburg, Fl",
    "St.augustine",
    "St.cloud",
    "St.pete",
    "St.petersburg",
    "Starke",
    "Staurt",
    "Steinhatchee",
    "Stewart",
    "Stock Island",
    "Stuart",
    "Stuart Fl",
    "Sugarloaf Key",
    "Summerfield",
    "Summerland Key",
    "Sumterville",
    "Sun City",
    "Sun City Center",
    "Sun City Ctr",
    "Suncity",
    "Sunny Isl Bch",
    "Sunny Isles",
    "Sunny Isles Beach",
    "Sunrise",
    "Sunrise, Fl",
    "Sunsrise",
    "Surfside",
    "Surise",
    "Sw Ranches",
    "Sweetewater",
    "Sweetwater",
    "Talahassee",
    "Tall",
    "Talla",
    "Tallahasee",
    "Tallahasse",
    "Tallahassee",
    "Tallahassee Florida 32303",
    "Tallahassesse",
    "Tallahasssee",
    "Tallahssee",
    "Tallevast",
    "Talllahassee",
    "Tamap",
    "Tamarac",
    "Tammpa",
    "Tamp",
    "Tampa",
    "Tampa Palms",
    "Tampla",
    "Tamps",
    "Tampta",
    "Tangerine",
    "Tarpon",
    "Tarpon Spgs",
    "Tarpon Spngs",
    "Tarpon Springs",
    "Tavares",
    "Tavernier",
    "Tavernier, Fl",
    "Temple Terr",
    "Temple Terrace",
    "Tequest",
    "Tequesta",
    "Terra Ceia",
    "The Villages",
    "Thonotosassa",
    "Tierra Verde",
    "Tioga",
    "Titusville",
    "Titutsville",
    "Treasure Island",
    "Trenton",
    "Trilby",
    "Trinity",
    "Tyndall",
    "Tyndall A F B",
    "Tyndall Afb",
    "Tyndall, Afb",
    "Umatilla",
    "Union Park",
    "Univeristy Park",
    "University Park",
    "Valparaiso",
    "Valrico",
    "Velray Beach",
    "Venice",
    "Venus",
    "Vernon",
    "Vero Bch",
    "Vero Bch.",
    "Vero Beach",
    "Vero Beach, Fl",
    "Viera",
    "Viera,",
    "Village Of Golf",
    "Village Of Palmetto Bay",
    "Villages",
    "Villiages",
    "Virginia Garden",
    "Virginia Gardens",
    "Virginia Gardensi",
    "Vlg Wellingtn",
    "W Bradenton",
    "W Melbourne",
    "W Palm Bch",
    "W Palm Beach",
    "W. Melbourne",
    "W. Palm Beach",
    "W.melbourne",
    "W.p.b.",
    "Waldo",
    "Walnut Hill",
    "Warwick",
    "Watersound",
    "Wauchula",
    "Waverly",
    "Weaston",
    "Webster",
    "Weeki Wachee",
    "Weirsdale",
    "Welaka",
    "Wellborn",
    "Wellington",
    "Welsy Chapel",
    "Wesley",
    "Wesley Chapel",
    "West Bradenton",
    "West Delray Beach",
    "West Hialeah",
    "West Melbourne",
    "West Miami",
    "West Palm",
    "West Palm Bch",
    "West Palm Beac",
    "West Palm Beach",
    "West Palm Beach Fl",
    "West Palm Beach,",
    "West Palm Beach, Fl",
    "West Palm Bech",
    "West Park",
    "Westchase",
    "Westlake",
    "Weston",
    "Westpalm",
    "Westville",
    "Wewa",
    "Wewahitchka",
    "White Springs",
    "Widlwood",
    "Wildlight",
    "Wildwood",
    "Wildwoof",
    "Williston",
    "Willow Brook",
    "Wilton Manors",
    "Wimauma",
    "Windermere",
    "Windmere",
    "Winter",
    "Winter Garden",
    "Winter Garden Fl",
    "Winter Haven",
    "Winter Heaven",
    "Winter Park",
    "Winter Spgs",
    "Winter Spring",
    "Winter Springs",
    "Winterhaven",
    "Winterpark",
    "Witlon Manors",
    "Woodville",
    "Wpb",
    "Yalaha",
    "Yankeetown",
    "Ybor City",
    "Yougstown",
    "Youngstown",
    "Yulee",
    "Zellwood",
    "Zephryhills",
    "Zephyrhills",
    "Zephyrhills, Fl",
    "Zepityrhills",
    "Zolfo Springs"
  ]
}